What is 61 minus 49?,12,25,3118,7,86,banana,house,A
What is 37 minus 47?,-10,2,284,774,90021,banana,house,A
What is 28 minus 65?,-37,19843,248,3,928,banana,house,A
What is 34 minus 33?,1,146,2,5,banana,house,,A
What is 46 minus 30?,16,42,4554,88,9,banana,house,A
What is 24 minus 46?,-22,597,84495,850,9,banana,house,A
What is 99 minus 24?,21,3513,70,75,8,banana,house,D
What is 62 minus 85?,-23,5,708,724,85414,banana,house,A
What is 98 minus 77?,21,22,3,93,9416,banana,house,A
What is 99 minus 35?,1,1934,24,64,80,banana,house,D
What is 38 minus 65?,-27,1,32032,519,532,banana,house,A
What is 10 minus 17?,-7,10,3642,4,54,banana,house,A
What is 79 minus 53?,26,34,4089,7,79,banana,house,A
What is 22 minus 10?,1,12,51,6351,90,banana,house,B
What is 32 minus 44?,-12,350,4,642,82067,banana,house,A
What is 10 minus 55?,-45,3,64778,666,805,banana,house,A
What is 88 minus 31?,1,1977,57,82,94,banana,house,C
What is 67 minus 60?,3,7,9,942,banana,house,,B
What is 68 minus 65?,281,3,4,banana,house,,,B
What is 81 minus 36?,4339,45,7,74,88,banana,house,B
What is 37 minus 71?,-34,2,517,76277,864,banana,house,A
What is 53 minus 91?,-38,216,62755,746,9,banana,house,A
What is 32 minus 60?,-28,207,4,565,66892,banana,house,A
What is 80 minus 49?,10,2,23,31,4110,banana,house,D
What is 29 minus 94?,-65,3,36361,617,910,banana,house,A
What is 38 minus 87?,-49,201,256,76597,9,banana,house,A
What is 38 minus 54?,-16,2,291,572,79252,banana,house,A
What is 71 minus 51?,12,20,7,8901,99,banana,house,B
What is 73 minus 59?,1,14,22,7922,93,banana,house,B
What is 90 minus 57?,1,31,33,84,9818,banana,house,C
What is 76 minus 22?,2229,4,44,54,93,banana,house,D
What is 89 minus 26?,63,69,7713,8,87,banana,house,A
What is 24 minus 68?,-44,2,56182,615,811,banana,house,A
What is 85 minus 63?,22,4,78,84,9864,banana,house,A
What is 98 minus 48?,3919,50,54,8,94,banana,house,B
What is 96 minus 12?,29,7,7174,84,99,banana,house,D
What is 57 minus 99?,-42,508,60393,9,941,banana,house,A
What is 31 minus 88?,-57,2,28135,462,990,banana,house,A
What is 51 minus 67?,-16,309,415,87748,9,banana,house,A
What is 82 minus 30?,4,51,52,53,5470,banana,house,C
What is 95 minus 65?,1,30,8280,90,91,banana,house,B
What is 48 minus 27?,1,21,8291,84,87,banana,house,B
What is 44 minus 90?,-46,246,586,65450,7,banana,house,A
What is 85 minus 48?,18,37,66,7,8936,banana,house,B
What is 12 minus 81?,-69,103,50238,666,8,banana,house,A
What is 97 minus 97?,0,5,672,8,banana,house,,A
What is 55 minus 97?,-42,5,63166,732,971,banana,house,A
What is 45 minus 19?,26,34,5952,75,9,banana,house,A
What is 24 minus 62?,-38,348,5,573,70074,banana,house,A
What is 76 minus 90?,-14,311,451,7,86221,banana,house,A
What is 78 minus 78?,0,2,399,7,banana,house,,A
What is 84 minus 78?,1,396,5,6,banana,house,,D
What is 50 minus 11?,31,39,7463,87,9,banana,house,B
What is 11 minus 51?,-40,1,221,275,31499,banana,house,A
What is 61 minus 27?,15,34,68,7,7557,banana,house,B
What is 47 minus 80?,-33,1,162,716,81350,banana,house,A
What is 78 minus 42?,2,36,4628,55,76,banana,house,B
What is 10 minus 81?,-71,34897,652,9,998,banana,house,A
What is 95 minus 15?,5,52,71,80,9861,banana,house,D
What is 80 minus 40?,40,5291,8,86,89,banana,house,A
What is 23 minus 80?,-57,11909,4,455,525,banana,house,A
What is 29 minus 67?,-38,1,16192,479,907,banana,house,A
What is 10 minus 37?,-27,147,6,61167,795,banana,house,A
What is 96 minus 61?,23,35,4330,6,85,banana,house,B
What is 12 minus 55?,-43,2,399,496,83132,banana,house,A
What is 43 minus 82?,-39,296,8,80957,945,banana,house,A
What is 95 minus 47?,1,48,65,67,9235,banana,house,B
What is 71 minus 12?,25,59,8734,9,93,banana,house,B
What is 30 minus 63?,-33,1,14093,758,999,banana,house,A
What is 24 minus 90?,-66,308,58806,7,868,banana,house,A
What is 98 minus 25?,16,39,5,5843,73,banana,house,E
What is 48 minus 42?,1,3,502,6,banana,house,,D
What is 71 minus 45?,26,53,7,7567,95,banana,house,A
What is 57 minus 31?,14,26,3322,48,7,banana,house,B
What is 26 minus 24?,2,6,725,banana,house,,,A
What is 86 minus 65?,21,27,6,71,7970,banana,house,A
What is 32 minus 33?,-1,1,25,33,6435,banana,house,A
What is 40 minus 37?,3,5,8,912,banana,house,,A
What is 13 minus 43?,-30,414,60960,610,8,banana,house,A
What is 48 minus 79?,-31,395,58806,6,801,banana,house,A
What is 86 minus 38?,3797,48,6,65,86,banana,house,B
What is 22 minus 39?,-17,10800,330,6,647,banana,house,A
What is 72 minus 20?,27,46,52,6,6696,banana,house,C
What is 37 minus 23?,1,1054,14,31,99,banana,house,C
What is 41 minus 60?,-19,21980,230,3,774,banana,house,A
What is 18 minus 70?,-52,3,342,897,93008,banana,house,A
What is 69 minus 73?,-4,30,5,64,9782,banana,house,A
What is 92 minus 79?,13,41,6,6259,89,banana,house,A
What is 96 minus 51?,3,3964,45,51,80,banana,house,C
What is 84 minus 95?,-11,274,28342,412,6,banana,house,A
What is 50 minus 22?,24,28,61,6368,9,banana,house,B
What is 72 minus 57?,15,20,2090,8,88,banana,house,A
What is 17 minus 53?,-36,1,153,57614,641,banana,house,A
What is 49 minus 86?,-37,194,364,69520,8,banana,house,A
What is 49 minus 44?,4,5,8,883,banana,house,,B
What is 56 minus 91?,-35,3,319,465,49002,banana,house,A
What is 66 minus 77?,-11,24697,5,849,861,banana,house,A
What is 69 minus 25?,44,5,55,84,8527,banana,house,A
What is 35 minus 43?,-8,1600,4,47,87,banana,house,A
What is 52 minus 39?,13,1496,72,75,9,banana,house,A
What is 38 minus 34?,2,322,4,9,banana,house,,C
What is 63 minus 20?,18,4,43,4926,98,banana,house,C
What is 92 minus 76?,16,1613,33,7,86,banana,house,A
What is 75 minus 70?,279,5,9,banana,house,,,B
What is 81 minus 18?,32,55,63,8,9901,banana,house,C
What is 70 minus 35?,11,35,46,8123,9,banana,house,B
What is 33 minus 50?,-17,164,33794,6,800,banana,house,A
What is 25 minus 66?,-41,413,52823,7,808,banana,house,A
What is 94 minus 37?,38,51,57,8,9386,banana,house,C
What is 16 minus 22?,-6,2,6836,75,82,banana,house,A
What is 64 minus 97?,-33,292,46597,5,589,banana,house,A
What is 58 minus 73?,-15,189,68024,8,852,banana,house,A
What is 58 minus 30?,2,28,60,6085,85,banana,house,B
What is 38 minus 36?,2,3,7,701,banana,house,,A
What is 87 minus 83?,4,5,7,744,banana,house,,A
What is 65 minus 43?,1,16,1605,22,53,banana,house,D
What is 24 minus 16?,448,8,9,banana,house,,,B
What is 71 minus 39?,12,32,4833,83,9,banana,house,B
What is 97 minus 53?,2,22,30,44,9852,banana,house,D
What is 86 minus 62?,24,5,5710,76,94,banana,house,A
What is 31 minus 93?,-62,401,499,5,77449,banana,house,A
What is 76 minus 48?,28,7073,8,89,95,banana,house,A
What is 66 minus 31?,35,57,6383,8,81,banana,house,A
What is 91 minus 83?,229,6,8,9,banana,house,,C
What is 76 minus 24?,16,3,3350,52,85,banana,house,D
What is 19 minus 66?,-47,697,8,80623,863,banana,house,A
What is 87 minus 94?,-7,2,3255,90,94,banana,house,A
What is 48 minus 77?,-29,20741,292,653,8,banana,house,A
What is 69 minus 11?,52,58,5902,84,9,banana,house,B
What is 43 minus 52?,-9,22,4,44,7970,banana,house,A
What is 73 minus 30?,2717,43,60,76,9,banana,house,B
What is 20 minus 33?,-13,1,322,37514,843,banana,house,A
What is 77 minus 74?,3,6,7,969,banana,house,,A
What is 78 minus 24?,20,4,54,83,9055,banana,house,C
What is 78 minus 20?,1,1371,45,53,58,banana,house,E
What is 89 minus 94?,-5,2726,3,83,90,banana,house,A
What is 66 minus 69?,-3,16,6,6171,83,banana,house,A
What is 28 minus 81?,-53,535,7,86703,982,banana,house,A
What is 36 minus 38?,-2,21,57,6,9267,banana,house,A
What is 78 minus 12?,11,4197,6,66,69,banana,house,D
What is 26 minus 96?,-70,120,2,25972,504,banana,house,A
What is 83 minus 40?,1,20,43,5073,84,banana,house,C
What is 78 minus 26?,3202,5,52,70,83,banana,house,C
What is 92 minus 50?,25,4,42,54,7989,banana,house,C
What is 15 minus 83?,-68,160,53003,806,9,banana,house,A
What is 78 minus 22?,1,25,56,5643,74,banana,house,C
What is 51 minus 17?,27,34,4,48,8553,banana,house,B
What is 36 minus 61?,-25,171,451,75036,9,banana,house,A
What is 36 minus 58?,-22,3,511,67654,875,banana,house,A
What is 20 minus 37?,-17,457,806,88588,9,banana,house,A
What is 61 minus 82?,-21,314,351,41718,6,banana,house,A
What is 89 minus 17?,10,6,72,90,9921,banana,house,C
What is 51 minus 65?,-14,192,475,5,69029,banana,house,A
What is 95 minus 41?,21,54,6,7321,93,banana,house,B
What is 58 minus 40?,18,3,6850,72,84,banana,house,A
What is 54 minus 24?,22,30,5,5032,58,banana,house,B
What is 60 minus 96?,-36,143,3,728,76592,banana,house,A
What is 40 minus 70?,-30,13692,286,597,8,banana,house,A
What is 30 minus 79?,-49,531,63721,7,708,banana,house,A
What is 10 minus 53?,-43,3,355,402,78319,banana,house,A
What is 20 minus 58?,-38,19003,361,5,926,banana,house,A
What is 97 minus 62?,14,19,2,35,8566,banana,house,D
What is 51 minus 91?,-40,309,442,9,93206,banana,house,A
What is 48 minus 62?,-14,1,371,58929,948,banana,house,A
What is 25 minus 14?,11,34,9,95,9959,banana,house,A
What is 10 minus 27?,-17,1,319,44610,602,banana,house,A
What is 28 minus 72?,-44,27605,313,529,7,banana,house,A
What is 75 minus 23?,43,5,52,5433,91,banana,house,C
What is 68 minus 24?,4,44,6193,77,84,banana,house,B
What is 37 minus 12?,1,25,62,7854,83,banana,house,B
What is 73 minus 61?,1,12,3845,43,98,banana,house,B
What is 32 minus 74?,-42,5,649,881,90434,banana,house,A
What is 75 minus 68?,5,6,7,872,banana,house,,C
What is 40 minus 52?,-12,27797,650,8,866,banana,house,A
What is 72 minus 25?,1348,4,44,47,68,banana,house,D
What is 92 minus 64?,2,2731,28,80,81,banana,house,C
What is 59 minus 44?,14,15,35,4412,5,banana,house,B
What is 85 minus 74?,11,18,76,9,9084,banana,house,A
What is 36 minus 80?,-44,553,581,6,77104,banana,house,A
What is 38 minus 39?,-1,37,5,61,8780,banana,house,A
What is 67 minus 11?,1138,22,4,42,56,banana,house,E
What is 87 minus 11?,24,4162,6,76,89,banana,house,D
What is 75 minus 91?,-16,1,34417,529,994,banana,house,A
What is 79 minus 26?,27,53,5333,6,60,banana,house,B
What is 31 minus 15?,16,18,3,43,4811,banana,house,A
What is 20 minus 88?,-68,135,6,69009,841,banana,house,A
What is 69 minus 27?,10,2086,42,44,5,banana,house,C
What is 12 minus 17?,-5,2633,5,73,98,banana,house,A
What is 82 minus 37?,30,44,45,4935,6,banana,house,C
What is 80 minus 92?,-12,160,177,8,90756,banana,house,A
What is 49 minus 22?,27,28,3,5539,91,banana,house,A
What is 79 minus 69?,10,13,85,8776,9,banana,house,A
What is 29 minus 59?,-30,361,36828,7,986,banana,house,A
What is 33 minus 32?,1,2,6,607,banana,house,,A
What is 48 minus 28?,1,20,33,47,5342,banana,house,B
What is 98 minus 92?,3,4,529,6,banana,house,,D
What is 22 minus 23?,-1,1,1580,78,89,banana,house,A
What is 34 minus 49?,-15,23004,491,638,7,banana,house,A
What is 98 minus 58?,1196,16,37,40,8,banana,house,D
What is 29 minus 79?,-50,17351,3,508,559,banana,house,A
What is 29 minus 14?,14,15,4873,6,86,banana,house,B
What is 60 minus 63?,-3,18,27,4220,6,banana,house,A
What is 62 minus 79?,-17,1,131,54428,697,banana,house,A
What is 69 minus 70?,-1,1,1981,50,87,banana,house,A
What is 22 minus 73?,-51,239,349,6,83804,banana,house,A
What is 11 minus 13?,-2,2465,37,69,8,banana,house,A
What is 34 minus 14?,20,3,3625,67,93,banana,house,A
What is 21 minus 23?,-2,1675,36,7,79,banana,house,A
What is 19 minus 93?,-74,3,34331,499,607,banana,house,A
What is 25 minus 13?,12,42,5,50,7676,banana,house,A
What is 24 minus 73?,-49,213,3,683,81717,banana,house,A
What is 10 minus 68?,-58,362,4,413,63354,banana,house,A
What is 16 minus 28?,-12,330,48421,5,944,banana,house,A
What is 26 minus 33?,-7,2,28,56,7509,banana,house,A
What is 11 minus 28?,-17,285,4,450,87032,banana,house,A
What is 44 minus 20?,1,24,28,5449,95,banana,house,B
What is 49 minus 67?,-18,33631,8,916,962,banana,house,A
What is 58 minus 88?,-30,123,3,313,65137,banana,house,A
What is 92 minus 90?,196,2,6,banana,house,,,B
What is 38 minus 26?,12,2,62,70,8628,banana,house,A
What is 87 minus 48?,13,3,39,5429,81,banana,house,C
What is 54 minus 98?,-44,467,55974,698,9,banana,house,A
What is 24 minus 58?,-34,137,2,234,23933,banana,house,A
What is 83 minus 95?,-12,213,427,86210,9,banana,house,A
What is 21 minus 31?,-10,540,63032,9,924,banana,house,A
What is 99 minus 46?,5182,53,7,78,87,banana,house,B
What is 71 minus 81?,-10,538,9,910,98403,banana,house,A
What is 63 minus 26?,1,1158,37,58,69,banana,house,C
What is 74 minus 77?,-3,44,49,5240,8,banana,house,A
What is 13 minus 75?,-62,336,8,867,96160,banana,house,A
What is 81 minus 21?,1,24,60,82,9039,banana,house,C
What is 47 minus 89?,-42,21239,3,680,966,banana,house,A
What is 65 minus 48?,15,16,17,7,9668,banana,house,C
What is 35 minus 60?,-25,3,35871,722,847,banana,house,A
What is 51 minus 39?,12,45,5,79,9353,banana,house,A
What is 65 minus 44?,15,21,3584,67,9,banana,house,B
What is 25 minus 38?,-13,51754,640,687,7,banana,house,A
What is 45 minus 65?,-20,1,251,291,32042,banana,house,A
What is 18 minus 31?,-13,304,8,861,99957,banana,house,A
What is 28 minus 11?,1,17,4410,52,55,banana,house,B
What is 37 minus 10?,1,12,17,27,9987,banana,house,D
What is 76 minus 58?,18,41,47,7,8429,banana,house,A
What is 40 minus 85?,-45,1,10440,213,726,banana,house,A
What is 76 minus 76?,0,2,358,banana,house,,,A
What is 25 minus 61?,-36,1,102,85975,917,banana,house,A
What is 21 minus 59?,-38,3,40814,681,871,banana,house,A
What is 27 minus 97?,-70,306,606,8,86280,banana,house,A
What is 96 minus 78?,1,18,68,7360,83,banana,house,B
What is 11 minus 79?,-68,49348,6,850,914,banana,house,A
What is 79 minus 20?,5227,59,64,8,80,banana,house,B
What is 59 minus 41?,1,15,16,18,9438,banana,house,D
What is 45 minus 97?,-52,25563,324,355,7,banana,house,A
What is 22 minus 41?,-19,184,2,556,78601,banana,house,A
What is 20 minus 50?,-30,194,778,9,94641,banana,house,A
What is 57 minus 98?,-41,28549,365,437,9,banana,house,A
What is 83 minus 49?,12,29,34,4,5256,banana,house,C
What is 95 minus 11?,18,4,56,6307,84,banana,house,E
What is 40 minus 45?,-5,1,62,8315,banana,house,,A
What is 51 minus 58?,-7,5,5642,83,87,banana,house,A
What is 84 minus 44?,3429,40,61,65,8,banana,house,B
What is 17 minus 80?,-63,1,241,28255,373,banana,house,A
What is 79 minus 21?,3,3257,58,74,98,banana,house,C
What is 93 minus 38?,1018,5,55,67,75,banana,house,C
What is 29 minus 60?,-31,134,244,55436,9,banana,house,A
What is 74 minus 18?,3227,43,56,6,73,banana,house,C
What is 69 minus 39?,30,4,55,7743,91,banana,house,A
What is 49 minus 30?,1285,19,38,54,8,banana,house,B
What is 11 minus 47?,-36,189,2,263,83402,banana,house,A
What is 27 minus 80?,-53,2,439,818,81952,banana,house,A
What is 24 minus 97?,-73,171,3,528,92778,banana,house,A
What is 51 minus 54?,-3,12,5,7513,82,banana,house,A
What is 24 minus 14?,10,17,3,4589,69,banana,house,A
What is 17 minus 43?,-26,1,17049,518,536,banana,house,A
What is 20 minus 26?,-6,3348,41,81,9,banana,house,A
What is 68 minus 21?,13,21,3,4285,47,banana,house,E
What is 26 minus 82?,-56,18997,7,742,852,banana,house,A
What is 54 minus 21?,13,26,33,5,9722,banana,house,C
What is 57 minus 11?,46,6326,64,7,73,banana,house,A
What is 38 minus 43?,-5,1,49,58,6004,banana,house,A
What is 93 minus 32?,28,4584,61,66,7,banana,house,C
What is 91 minus 48?,13,2,2443,43,59,banana,house,D
What is 52 minus 40?,10,12,4358,56,8,banana,house,B
What is 49 minus 72?,-23,252,40785,5,965,banana,house,A
What is 54 minus 81?,-27,185,531,63717,8,banana,house,A
What is 78 minus 31?,2,30,3067,47,50,banana,house,D
What is 68 minus 95?,-27,10497,287,503,8,banana,house,A
What is 75 minus 60?,15,59,6,63,7556,banana,house,A
What is 29 minus 26?,2,3,5,736,banana,house,,B
What is 66 minus 62?,4,622,8,9,banana,house,,A
What is 44 minus 89?,-45,20553,400,584,8,banana,house,A
What is 94 minus 30?,17,4,64,6924,84,banana,house,C
What is 11 minus 14?,-3,23,5969,62,9,banana,house,A
What is 74 minus 82?,-8,3,3057,48,71,banana,house,A
What is 40 minus 50?,-10,378,4,50317,984,banana,house,A
What is 16 minus 49?,-33,529,7,81786,843,banana,house,A
What is 29 minus 24?,2,3,444,5,banana,house,,D
What is 91 minus 65?,26,3680,42,6,87,banana,house,A
What is 55 minus 42?,1,13,32,7548,83,banana,house,B
What is 94 minus 98?,-4,2,3027,45,46,banana,house,A
What is 22 minus 95?,-73,35633,727,8,827,banana,house,A
What is 79 minus 80?,-1,20,3,77,8595,banana,house,A
What is 41 minus 10?,31,4,6025,64,95,banana,house,A
What is 38 minus 53?,-15,5,700,75594,793,banana,house,A
What is 74 minus 32?,18,42,5542,77,9,banana,house,B
What is 61 minus 61?,0,1,455,5,banana,house,,A
What is 22 minus 22?,0,1,193,3,banana,house,,A
What is 30 minus 57?,-27,20782,300,418,5,banana,house,A
What is 33 minus 41?,-8,13,1834,25,7,banana,house,A
What is 49 minus 88?,-39,10549,640,7,861,banana,house,A
What is 40 minus 73?,-33,202,245,60469,9,banana,house,A
What is 16 minus 17?,-1,1,30,35,4303,banana,house,A
What is 23 minus 86?,-63,1,20509,557,663,banana,house,A
What is 21 minus 45?,-24,113,133,4,49035,banana,house,A
What is 70 minus 24?,23,2620,40,46,8,banana,house,D
What is 85 minus 69?,16,1746,7,81,93,banana,house,A
What is 23 minus 90?,-67,3,497,56501,875,banana,house,A
What is 97 minus 88?,1,200,5,9,banana,house,,D
What is 84 minus 92?,-8,46,8,91,9583,banana,house,A
What is 52 minus 56?,-4,11,2,2262,90,banana,house,A
What is 36 minus 66?,-30,328,448,6,79482,banana,house,A
What is 31 minus 25?,1,270,6,8,banana,house,,C
What is 81 minus 77?,4,8,862,9,banana,house,,A
What is 10 minus 70?,-60,240,8,88478,898,banana,house,A
What is 17 minus 39?,-22,214,23865,579,7,banana,house,A
What is 64 minus 13?,2819,51,80,9,98,banana,house,B
What is 88 minus 70?,18,26,29,4,7294,banana,house,A
What is 42 minus 71?,-29,2,602,80185,893,banana,house,A
What is 35 minus 72?,-37,15284,4,446,957,banana,house,A
What is 67 minus 63?,107,2,4,9,banana,house,,C
What is 33 minus 46?,-13,115,58016,660,9,banana,house,A
What is 55 minus 69?,-14,1,11930,612,987,banana,house,A
What is 42 minus 95?,-53,27688,4,400,988,banana,house,A
What is 37 minus 60?,-23,2,266,290,61210,banana,house,A
What is 84 minus 14?,59,6773,7,70,87,banana,house,D
What is 68 minus 43?,1326,25,60,8,95,banana,house,B
What is 59 minus 66?,-7,2086,6,97,banana,house,,A
What is 65 minus 89?,-24,221,4,806,85768,banana,house,A
What is 56 minus 99?,-43,21723,3,866,998,banana,house,A
What is 59 minus 19?,1,10,40,4564,71,banana,house,C
What is 35 minus 56?,-21,147,43820,9,932,banana,house,A
What is 30 minus 46?,-16,2,316,91265,968,banana,house,A
What is 78 minus 38?,27,40,5,83,9877,banana,house,B
What is 47 minus 74?,-27,1,11339,167,325,banana,house,A
What is 48 minus 23?,1253,2,25,64,86,banana,house,C
What is 50 minus 39?,11,15,2,28,7034,banana,house,A
What is 19 minus 58?,-39,587,6,82096,836,banana,house,A
What is 59 minus 99?,-40,397,4,40289,513,banana,house,A
What is 95 minus 88?,4,417,6,7,banana,house,,D
What is 80 minus 21?,10,1279,21,59,6,banana,house,D
What is 25 minus 45?,-20,30377,5,530,610,banana,house,A
What is 72 minus 74?,-2,2,6243,64,84,banana,house,A
What is 70 minus 41?,2821,29,53,6,80,banana,house,B
What is 27 minus 79?,-52,178,74576,8,888,banana,house,A
What is 52 minus 22?,27,30,39,6,9155,banana,house,B
What is 74 minus 22?,3535,5,52,53,56,banana,house,C
What is 58 minus 91?,-33,146,31073,8,880,banana,house,A
What is 39 minus 59?,-20,119,257,48367,5,banana,house,A
What is 65 minus 57?,5,7,8,891,banana,house,,C
What is 69 minus 69?,0,1,3,466,banana,house,,A
What is 18 minus 66?,-48,127,204,36682,8,banana,house,A
What is 17 minus 74?,-57,225,574,6,60367,banana,house,A
What is 43 minus 93?,-50,4,592,644,73065,banana,house,A
What is 95 minus 17?,22,37,6210,78,8,banana,house,D
What is 49 minus 39?,10,12,3,77,8246,banana,house,A
What is 47 minus 19?,28,48,6,74,8520,banana,house,A
What is 95 minus 33?,16,3,3830,59,62,banana,house,E
What is 52 minus 43?,251,7,9,banana,house,,,C
What is 67 minus 33?,1748,34,5,76,81,banana,house,B
What is 64 minus 42?,11,22,27,7180,8,banana,house,B
What is 97 minus 36?,2,28,4383,61,71,banana,house,D
What is 53 minus 36?,17,61,7841,8,80,banana,house,A
What is 98 minus 27?,3,4569,55,71,87,banana,house,D
What is 77 minus 65?,1,12,70,74,7659,banana,house,B
What is 95 minus 98?,-3,13,43,9,9574,banana,house,A
What is 60 minus 85?,-25,17541,3,339,795,banana,house,A
What is 98 minus 52?,1098,40,46,5,57,banana,house,C
What is 54 minus 13?,3,41,77,8770,97,banana,house,B
What is 35 minus 83?,-48,2,528,52909,860,banana,house,A
What is 86 minus 67?,1,19,42,6149,64,banana,house,B
What is 34 minus 97?,-63,6,63935,771,855,banana,house,A
What is 67 minus 17?,50,70,74,8,9188,banana,house,A
What is 53 minus 54?,-1,2261,30,42,7,banana,house,A
What is 85 minus 13?,3411,40,5,72,77,banana,house,D
What is 33 minus 71?,-38,27070,315,7,980,banana,house,A
What is 68 minus 36?,17,3,32,33,3874,banana,house,C
What is 92 minus 28?,2,2228,23,64,71,banana,house,D
What is 69 minus 57?,12,2977,7,72,93,banana,house,A
What is 72 minus 23?,1,31,49,5825,64,banana,house,C
What is 30 minus 88?,-58,2,47873,480,656,banana,house,A
What is 44 minus 80?,-36,40499,513,690,9,banana,house,A
What is 14 minus 57?,-43,206,279,7,85836,banana,house,A
What is 11 minus 36?,-25,3,34534,698,977,banana,house,A
What is 13 minus 33?,-20,11823,523,864,9,banana,house,A
What is 22 minus 44?,-22,288,45210,7,794,banana,house,A
What is 73 minus 19?,1414,17,54,64,9,banana,house,C
What is 19 minus 67?,-48,1,38316,575,877,banana,house,A
What is 20 minus 61?,-41,1,298,54883,556,banana,house,A
What is 97 minus 11?,14,4,4418,47,86,banana,house,E
What is 33 minus 62?,-29,3,43266,569,955,banana,house,A
What is 45 minus 58?,-13,2,329,67746,691,banana,house,A
What is 30 minus 82?,-52,385,66784,8,901,banana,house,A
What is 40 minus 81?,-41,105,4,652,83770,banana,house,A
What is 14 minus 60?,-46,17977,432,5,874,banana,house,A
What is 30 minus 54?,-24,52604,730,846,9,banana,house,A
What is 23 minus 99?,-76,26675,324,4,718,banana,house,A
What is 69 minus 99?,-30,261,33616,8,876,banana,house,A
What is 30 minus 83?,-53,220,39125,7,941,banana,house,A
What is 54 minus 93?,-39,148,17798,405,7,banana,house,A
What is 26 minus 65?,-39,529,61790,8,835,banana,house,A
What is 92 minus 52?,3,31,40,5976,68,banana,house,C
What is 55 minus 36?,19,5,7121,72,85,banana,house,A
What is 12 minus 67?,-55,100,81582,840,9,banana,house,A
What is 10 minus 63?,-53,6,607,64104,866,banana,house,A
What is 12 minus 31?,-19,1,145,658,97176,banana,house,A
What is 23 minus 82?,-59,3,87990,962,964,banana,house,A
What is 15 minus 31?,-16,2,290,58680,890,banana,house,A
What is 48 minus 40?,1,365,5,8,banana,house,,D
What is 79 minus 83?,-4,14,3840,4,84,banana,house,A
What is 34 minus 41?,-7,1,32,36,3748,banana,house,A
What is 41 minus 55?,-14,141,168,3,59052,banana,house,A
What is 93 minus 52?,17,2,41,4706,54,banana,house,C
What is 53 minus 46?,1,331,6,7,banana,house,,D
What is 61 minus 84?,-23,616,83434,9,932,banana,house,A
What is 46 minus 98?,-52,313,4,42191,902,banana,house,A
What is 34 minus 30?,267,4,5,7,banana,house,,B
What is 85 minus 64?,10,1436,21,26,9,banana,house,C
What is 54 minus 82?,-28,858,864,9,94555,banana,house,A
What is 39 minus 25?,14,2482,26,44,5,banana,house,A
What is 30 minus 84?,-54,158,554,6,88439,banana,house,A
What is 60 minus 50?,10,1924,3,86,88,banana,house,A
What is 25 minus 28?,-3,41,4245,7,73,banana,house,A
What is 19 minus 71?,-52,416,46419,570,6,banana,house,A
What is 30 minus 18?,11,12,3,5394,59,banana,house,B
What is 92 minus 21?,36,6601,71,8,82,banana,house,C
What is 89 minus 22?,26,3,67,7480,85,banana,house,C
What is 67 minus 19?,2,39,48,8890,99,banana,house,C
What is 57 minus 39?,18,26,5490,61,7,banana,house,A
What is 70 minus 50?,20,29,7531,9,95,banana,house,A
What is 42 minus 59?,-17,1,205,245,91370,banana,house,A
What is 64 minus 25?,1,13,3594,39,67,banana,house,D
What is 94 minus 78?,16,3,44,50,5431,banana,house,A
What is 17 minus 34?,-17,18230,2,270,822,banana,house,A
What is 55 minus 98?,-43,335,56481,6,980,banana,house,A
What is 11 minus 50?,-39,196,28294,377,4,banana,house,A
What is 22 minus 84?,-62,207,41164,5,755,banana,house,A
What is 95 minus 16?,66,76,79,8,8552,banana,house,C
What is 91 minus 27?,3,43,64,69,7133,banana,house,C
What is 98 minus 42?,2,26,29,56,9220,banana,house,D
What is 79 minus 40?,39,42,6,90,9842,banana,house,A
What is 24 minus 85?,-61,1,284,49650,853,banana,house,A
What is 79 minus 71?,1,604,7,8,banana,house,,D
What is 91 minus 58?,33,35,4,4841,83,banana,house,A
What is 31 minus 85?,-54,56437,671,7,703,banana,house,A
What is 22 minus 55?,-33,1,31748,732,993,banana,house,A
What is 53 minus 69?,-16,5,655,66792,833,banana,house,A
What is 45 minus 17?,28,52,6886,76,9,banana,house,A
What is 77 minus 77?,0,275,4,9,banana,house,,A
What is 51 minus 99?,-48,27691,547,8,827,banana,house,A
What is 61 minus 32?,12,29,5,75,7519,banana,house,B
What is 71 minus 26?,3,45,6937,84,94,banana,house,B
What is 49 minus 37?,12,2313,50,6,91,banana,house,A
What is 84 minus 60?,24,3,31,3828,81,banana,house,A
What is 33 minus 54?,-21,108,2,79898,873,banana,house,A
What is 33 minus 55?,-22,32020,7,846,914,banana,house,A
What is 48 minus 67?,-19,276,34733,665,7,banana,house,A
What is 85 minus 42?,1,2485,33,43,92,banana,house,D
What is 31 minus 30?,1,189,4,5,banana,house,,A
What is 46 minus 82?,-36,1,11762,279,687,banana,house,A
What is 87 minus 99?,-12,32313,527,7,770,banana,house,A
What is 98 minus 66?,15,27,32,7,7529,banana,house,C
What is 10 minus 43?,-33,1,450,86115,950,banana,house,A
What is 56 minus 65?,-9,2,33,34,8818,banana,house,A
What is 46 minus 92?,-46,119,140,4,90546,banana,house,A
What is 19 minus 16?,2,3,351,4,banana,house,,B
What is 57 minus 35?,22,3,3203,78,89,banana,house,A
What is 30 minus 48?,-18,2,21382,574,956,banana,house,A
What is 85 minus 38?,1,10,47,58,7879,banana,house,C
What is 12 minus 77?,-65,247,572,8,96386,banana,house,A
What is 14 minus 51?,-37,24535,387,509,7,banana,house,A
What is 97 minus 63?,17,3126,34,7,70,banana,house,C
What is 60 minus 46?,1169,14,37,6,77,banana,house,B
What is 11 minus 83?,-72,32736,333,433,8,banana,house,A
What is 35 minus 44?,-9,21,64,7973,8,banana,house,A
What is 94 minus 28?,2,38,4368,66,96,banana,house,D
What is 35 minus 62?,-27,112,217,47108,5,banana,house,A
What is 21 minus 65?,-44,22994,240,4,406,banana,house,A
What is 59 minus 54?,2,4,5,570,banana,house,,C
What is 32 minus 69?,-37,581,7,774,78597,banana,house,A
What is 56 minus 71?,-15,1,530,65311,870,banana,house,A
What is 98 minus 36?,3950,42,5,62,87,banana,house,D
What is 89 minus 15?,2,45,64,74,8755,banana,house,D
What is 51 minus 53?,-2,22,75,8231,9,banana,house,A
What is 12 minus 21?,-9,3825,4,73,89,banana,house,A
What is 48 minus 99?,-51,142,287,3,47621,banana,house,A
What is 81 minus 38?,43,49,5,5379,66,banana,house,A
What is 19 minus 73?,-54,272,324,5,55265,banana,house,A
What is 64 minus 52?,12,35,5186,7,74,banana,house,A
What is 67 minus 82?,-15,111,3,57046,879,banana,house,A
What is 47 minus 78?,-31,4,478,59610,863,banana,house,A
What is 27 minus 63?,-36,1,46814,672,681,banana,house,A
What is 98 minus 69?,29,32,35,8108,9,banana,house,A
What is 44 minus 18?,1,11,26,6552,93,banana,house,C
What is 39 minus 74?,-35,445,6,73138,995,banana,house,A
What is 44 minus 32?,12,21,4841,5,60,banana,house,A
What is 51 minus 85?,-34,1,116,717,86225,banana,house,A
What is 38 minus 71?,-33,179,5,646,98075,banana,house,A
What is 64 minus 16?,2537,48,49,7,72,banana,house,B
What is 47 minus 38?,382,5,8,9,banana,house,,D
What is 37 minus 68?,-31,152,20794,505,7,banana,house,A
What is 79 minus 67?,12,5200,54,7,93,banana,house,A
What is 63 minus 69?,-6,26,4831,7,96,banana,house,A
What is 61 minus 80?,-19,2,58200,900,928,banana,house,A
What is 94 minus 48?,21,46,7107,9,98,banana,house,B
What is 76 minus 87?,-11,1,134,29549,684,banana,house,A
What is 67 minus 70?,-3,1181,2,31,99,banana,house,A
What is 76 minus 49?,15,27,52,7308,8,banana,house,B
What is 12 minus 47?,-35,341,472,66151,7,banana,house,A
What is 14 minus 53?,-39,137,333,4,68223,banana,house,A
What is 44 minus 64?,-20,37692,4,621,706,banana,house,A
What is 13 minus 60?,-47,594,760,8,97277,banana,house,A
What is 61 minus 70?,-9,25,3222,9,99,banana,house,A
What is 33 minus 33?,0,7,978,banana,house,,,A
What is 70 minus 83?,-13,2,387,757,90518,banana,house,A
What is 12 minus 75?,-63,562,620,66479,9,banana,house,A
What is 52 minus 37?,1,15,52,7344,74,banana,house,B
What is 70 minus 36?,34,4,5991,63,83,banana,house,A
What is 97 minus 31?,66,75,8890,9,99,banana,house,A
What is 61 minus 13?,1358,48,50,6,91,banana,house,B
What is 95 minus 91?,242,3,4,5,banana,house,,C
What is 25 minus 98?,-73,160,5,566,94923,banana,house,A
What is 81 minus 64?,17,19,7577,9,99,banana,house,A
What is 97 minus 66?,13,31,4374,62,7,banana,house,B
What is 33 minus 17?,1242,16,18,3,61,banana,house,B
What is 70 minus 34?,3,36,84,9338,banana,house,,B
What is 88 minus 20?,3617,68,82,9,96,banana,house,B
What is 81 minus 29?,4343,52,6,63,99,banana,house,B
What is 39 minus 69?,-30,1,192,568,79978,banana,house,A
What is 64 minus 49?,15,3,43,7639,88,banana,house,A
What is 85 minus 47?,13,30,38,4,9774,banana,house,C
What is 97 minus 95?,2,4,434,banana,house,,,A
What is 48 minus 97?,-49,1,24805,715,755,banana,house,A
What is 46 minus 55?,-9,7,82,8366,88,banana,house,A
What is 13 minus 58?,-45,2,283,713,90862,banana,house,A
What is 53 minus 78?,-25,1,294,549,58216,banana,house,A
What is 43 minus 87?,-44,266,40408,5,643,banana,house,A
What is 81 minus 75?,4,5,6,931,banana,house,,C
What is 16 minus 99?,-83,2,250,71067,901,banana,house,A
What is 63 minus 70?,-7,10,7,7175,74,banana,house,A
What is 92 minus 44?,2,38,48,6631,94,banana,house,C
What is 92 minus 77?,15,16,2,7219,84,banana,house,A
What is 93 minus 42?,3,51,84,9372,94,banana,house,B
What is 21 minus 52?,-31,101,16079,304,8,banana,house,A
What is 24 minus 70?,-46,155,3,64036,713,banana,house,A
What is 90 minus 48?,1,15,42,4335,67,banana,house,C
What is 90 minus 79?,11,14,2,76,8442,banana,house,A
What is 30 minus 61?,-31,253,3,641,88726,banana,house,A
What is 63 minus 80?,-17,278,49209,5,766,banana,house,A
What is 77 minus 51?,1,13,26,8498,94,banana,house,C
What is 28 minus 76?,-48,6,619,775,84048,banana,house,A
What is 33 minus 92?,-59,21641,5,578,762,banana,house,A
What is 19 minus 63?,-44,102,652,7,87638,banana,house,A
What is 97 minus 24?,2,3809,59,73,86,banana,house,D
What is 70 minus 61?,115,3,7,9,banana,house,,D
What is 81 minus 14?,1,27,4933,67,77,banana,house,D
What is 89 minus 25?,17,3,64,68,7902,banana,house,C
What is 34 minus 96?,-62,370,38618,387,5,banana,house,A
What is 51 minus 86?,-35,3,490,745,94138,banana,house,A
What is 42 minus 52?,-10,10769,634,796,8,banana,house,A
What is 20 minus 32?,-12,111,5,853,96759,banana,house,A
What is 48 minus 30?,18,4,57,7681,94,banana,house,A
What is 86 minus 12?,21,3,4650,74,84,banana,house,D
What is 68 minus 56?,11,12,3,41,5362,banana,house,B
What is 82 minus 67?,15,17,4,61,7172,banana,house,A
What is 93 minus 67?,10,26,4,47,7151,banana,house,B
What is 50 minus 27?,1,23,49,6766,98,banana,house,B
What is 55 minus 38?,17,5,64,9212,99,banana,house,A
What is 20 minus 99?,-79,58131,645,8,934,banana,house,A
What is 45 minus 96?,-51,116,348,45648,7,banana,house,A
What is 75 minus 79?,-4,25,28,6,8401,banana,house,A
What is 73 minus 41?,32,5,57,7554,76,banana,house,A
What is 62 minus 29?,26,33,35,4,8010,banana,house,B
What is 14 minus 58?,-44,512,8,89209,926,banana,house,A
What is 89 minus 77?,12,2,3119,46,62,banana,house,A
What is 57 minus 84?,-27,417,680,8,97369,banana,house,A
What is 32 minus 27?,1,3,5,719,banana,house,,C
What is 77 minus 59?,18,31,3110,33,7,banana,house,A
What is 11 minus 59?,-48,2,507,526,69468,banana,house,A
What is 82 minus 84?,-2,32,4,62,6648,banana,house,A
What is 85 minus 86?,-1,29,5062,9,94,banana,house,A
What is 37 minus 51?,-14,62404,666,8,869,banana,house,A
What is 67 minus 88?,-21,11619,291,481,7,banana,house,A
What is 48 minus 25?,23,3828,41,42,9,banana,house,A
What is 16 minus 76?,-60,5,89692,926,987,banana,house,A
What is 41 minus 22?,19,35,4106,51,9,banana,house,A
What is 86 minus 20?,1161,26,29,66,7,banana,house,D
What is 13 minus 10?,2,3,404,5,banana,house,,B
What is 16 minus 93?,-77,62284,774,8,815,banana,house,A
What is 28 minus 88?,-60,2,49971,841,864,banana,house,A
What is 93 minus 94?,-1,14,2158,39,5,banana,house,A
What is 37 minus 48?,-11,117,221,4,77709,banana,house,A
What is 83 minus 73?,10,29,51,8701,9,banana,house,A
What is 26 minus 14?,12,8123,85,88,9,banana,house,A
What is 92 minus 51?,3617,41,5,59,95,banana,house,B
What is 95 minus 99?,-4,1,27,47,6398,banana,house,A
What is 89 minus 93?,-4,17,29,3992,9,banana,house,A
What is 39 minus 53?,-14,1,337,84740,951,banana,house,A
What is 72 minus 64?,2,7,737,8,banana,house,,D
What is 43 minus 81?,-38,3,510,735,84499,banana,house,A
What is 79 minus 14?,57,65,7,93,9748,banana,house,B
What is 26 minus 10?,16,20,5030,6,70,banana,house,A
What is 90 minus 10?,67,7,7701,80,88,banana,house,D
What is 22 minus 77?,-55,540,6,685,72952,banana,house,A
What is 29 minus 93?,-64,10881,5,757,850,banana,house,A
What is 49 minus 41?,223,5,8,banana,house,,,C
What is 30 minus 50?,-20,174,330,4,73197,banana,house,A
What is 94 minus 89?,199,5,6,7,banana,house,,B
What is 11 minus 16?,-5,4218,72,73,8,banana,house,A
What is 92 minus 31?,19,2017,6,61,73,banana,house,D
What is 38 minus 63?,-25,15896,188,3,875,banana,house,A
What is 28 minus 98?,-70,2,441,87435,953,banana,house,A
What is 35 minus 76?,-41,298,4,595,70243,banana,house,A
What is 15 minus 34?,-19,3,405,48525,849,banana,house,A
What is 49 minus 45?,4,5,663,8,banana,house,,A
What is 87 minus 10?,1420,44,7,73,77,banana,house,E
What is 66 minus 78?,-12,3,39555,525,986,banana,house,A
What is 50 minus 18?,10,32,7775,8,98,banana,house,B
What is 51 minus 19?,1558,19,32,8,87,banana,house,C
What is 98 minus 81?,17,21,4914,55,8,banana,house,A
What is 94 minus 31?,2285,6,63,78,85,banana,house,C
What is 44 minus 55?,-11,14854,297,492,5,banana,house,A
What is 87 minus 19?,1023,55,68,81,9,banana,house,C
What is 54 minus 54?,0,2,846,9,banana,house,,A
What is 22 minus 51?,-29,45553,5,562,955,banana,house,A
What is 89 minus 60?,29,2916,4,56,95,banana,house,A
What is 60 minus 16?,1044,44,72,8,92,banana,house,B
What is 16 minus 46?,-30,111,11651,4,701,banana,house,A
What is 49 minus 50?,-1,25,49,5526,9,banana,house,A
What is 12 minus 41?,-29,29609,718,9,907,banana,house,A
What is 32 minus 20?,12,13,4,7268,79,banana,house,A
What is 60 minus 30?,15,30,40,7090,9,banana,house,B
What is 61 minus 97?,-36,1,385,743,96516,banana,house,A
What is 79 minus 11?,29,3579,6,60,68,banana,house,E
What is 53 minus 21?,32,4385,46,58,7,banana,house,A
What is 36 minus 40?,-4,3,4278,53,63,banana,house,A
What is 87 minus 69?,1,18,43,48,9243,banana,house,B
What is 74 minus 16?,1,58,65,72,9283,banana,house,B
What is 87 minus 81?,1,6,710,8,banana,house,,B
What is 96 minus 25?,2,71,86,9861,99,banana,house,B
What is 98 minus 90?,180,4,5,8,banana,house,,D
What is 21 minus 35?,-14,3,61091,797,976,banana,house,A
What is 58 minus 22?,22,36,52,5516,9,banana,house,B
What is 80 minus 53?,16,27,3670,6,81,banana,house,B
What is 61 minus 40?,2,21,2825,33,94,banana,house,B
What is 86 minus 93?,-7,14,5,61,8451,banana,house,A
What is 97 minus 96?,1,118,3,banana,house,,,A
What is 50 minus 38?,1,12,70,86,8799,banana,house,B
What is 71 minus 44?,27,45,5,56,8868,banana,house,A
What is 99 minus 17?,3,4222,78,82,96,banana,house,D
What is 20 minus 66?,-46,165,5,61170,868,banana,house,A
What is 19 minus 89?,-70,4,447,686,85573,banana,house,A
What is 44 minus 63?,-19,60788,8,911,997,banana,house,A
What is 62 minus 26?,33,36,4,62,6352,banana,house,B
What is 99 minus 83?,10,16,4802,58,6,banana,house,B
What is 11 minus 27?,-16,2,493,80073,867,banana,house,A
What is 48 minus 12?,26,36,57,8,8346,banana,house,B
What is 59 minus 76?,-17,149,16793,510,6,banana,house,A
What is 60 minus 40?,15,20,4910,60,7,banana,house,B
What is 65 minus 11?,15,3,54,57,9698,banana,house,C
What is 92 minus 91?,1,5,7,957,banana,house,,A
What is 11 minus 89?,-78,11435,2,658,701,banana,house,A
What is 37 minus 85?,-48,144,2,31614,706,banana,house,A
What is 17 minus 40?,-23,129,3,57819,754,banana,house,A
What is 27 minus 12?,15,3589,43,6,87,banana,house,A
What is 98 minus 35?,57,63,68,7007,8,banana,house,B
What is 39 minus 24?,15,3,7429,83,93,banana,house,A
What is 15 minus 16?,-1,1704,7,78,89,banana,house,A
What is 27 minus 69?,-42,457,48702,8,934,banana,house,A
What is 94 minus 51?,1718,3,42,43,44,banana,house,D
What is 50 minus 46?,4,5,810,9,banana,house,,A
What is 46 minus 52?,-6,2,3037,38,75,banana,house,A
What is 81 minus 12?,2,69,81,90,9978,banana,house,B
What is 86 minus 59?,27,54,6,90,9673,banana,house,A
What is 37 minus 46?,-9,46,52,7,7654,banana,house,A
What is 30 minus 31?,-1,3447,6,86,97,banana,house,A
What is 25 minus 73?,-48,1,51274,606,731,banana,house,A
What is 99 minus 62?,11,37,4,58,7691,banana,house,B
What is 23 minus 63?,-40,242,5,81009,960,banana,house,A
What is 47 minus 67?,-20,3,65259,755,984,banana,house,A
What is 61 minus 12?,2030,26,35,49,6,banana,house,D
What is 56 minus 74?,-18,127,2,473,59081,banana,house,A
What is 35 minus 97?,-62,104,169,40198,8,banana,house,A
What is 96 minus 91?,2,5,608,7,banana,house,,B
What is 22 minus 50?,-28,155,533,6,79017,banana,house,A
What is 66 minus 83?,-17,163,3,33493,482,banana,house,A
What is 42 minus 48?,-6,19,36,4,6347,banana,house,A
What is 49 minus 66?,-17,1,371,59201,680,banana,house,A
What is 43 minus 56?,-13,199,318,6,71281,banana,house,A
What is 84 minus 16?,2,25,50,68,9596,banana,house,D
What is 78 minus 60?,18,4519,48,65,7,banana,house,A
What is 59 minus 25?,34,4,40,6280,80,banana,house,A
What is 87 minus 73?,14,43,8536,9,90,banana,house,A
What is 60 minus 80?,-20,107,16445,483,8,banana,house,A
What is 98 minus 71?,21,27,5347,70,9,banana,house,B
What is 92 minus 22?,1418,3,33,70,82,banana,house,D
What is 87 minus 56?,31,4,4555,65,72,banana,house,A
What is 34 minus 28?,4,6,8,905,banana,house,,B
What is 97 minus 27?,36,5736,7,70,82,banana,house,D
What is 43 minus 15?,28,3,33,6278,81,banana,house,A
What is 40 minus 30?,10,4061,60,68,7,banana,house,A
What is 43 minus 31?,12,3612,4,66,70,banana,house,A
What is 38 minus 78?,-40,16125,3,446,988,banana,house,A
What is 27 minus 40?,-13,1,286,802,85396,banana,house,A
What is 22 minus 42?,-20,100,2,65480,805,banana,house,A
What is 88 minus 34?,32,39,54,5569,9,banana,house,C
What is 47 minus 27?,20,2156,37,48,8,banana,house,A
What is 87 minus 85?,2,3,722,9,banana,house,,A
What is 11 minus 96?,-85,21023,439,594,6,banana,house,A
What is 52 minus 44?,3,498,6,8,banana,house,,D
What is 17 minus 66?,-49,2,36442,431,546,banana,house,A
What is 80 minus 38?,1,13,25,42,7444,banana,house,D
What is 46 minus 41?,288,3,4,5,banana,house,,D
What is 65 minus 90?,-25,26814,3,842,897,banana,house,A
What is 73 minus 67?,323,6,8,banana,house,,,B
What is 36 minus 19?,1,17,63,74,7527,banana,house,B
What is 61 minus 48?,1,13,4396,66,71,banana,house,B
What is 81 minus 56?,1566,16,25,40,7,banana,house,C
What is 52 minus 88?,-36,273,420,49876,9,banana,house,A
What is 27 minus 90?,-63,1,186,394,93927,banana,house,A
What is 70 minus 48?,16,22,26,5427,8,banana,house,B
What is 12 minus 96?,-84,7,72028,763,989,banana,house,A
What is 31 minus 64?,-33,3,530,564,58660,banana,house,A
What is 82 minus 10?,1,1655,30,65,72,banana,house,E
What is 41 minus 61?,-20,295,9,924,96816,banana,house,A
What is 55 minus 91?,-36,44389,7,912,967,banana,house,A
What is 62 minus 19?,43,46,5378,8,83,banana,house,A
What is 50 minus 86?,-36,23695,4,597,761,banana,house,A
What is 76 minus 37?,39,8,85,9874,99,banana,house,A
What is 45 minus 86?,-41,179,5,88478,908,banana,house,A
What is 74 minus 64?,10,14,6,6137,85,banana,house,A
What is 11 minus 46?,-35,28733,4,711,819,banana,house,A
What is 63 minus 65?,-2,3,3159,37,47,banana,house,A
What is 38 minus 85?,-47,2,27139,363,490,banana,house,A
What is 22 minus 30?,-8,2222,80,84,9,banana,house,A
What is 94 minus 23?,5,52,6561,71,88,banana,house,D
What is 39 minus 42?,-3,10,12,2,3989,banana,house,A
What is 97 minus 67?,3,30,3252,65,99,banana,house,B
What is 34 minus 85?,-51,5,643,75235,820,banana,house,A
What is 48 minus 32?,16,30,6,7515,91,banana,house,A
What is 69 minus 74?,-5,2,72,9411,99,banana,house,A
What is 28 minus 26?,2,4,638,8,banana,house,,A
What is 93 minus 71?,17,22,52,5753,9,banana,house,B
What is 18 minus 59?,-41,150,20097,634,7,banana,house,A
What is 35 minus 99?,-64,361,6,62535,840,banana,house,A
What is 49 minus 69?,-20,45522,688,865,9,banana,house,A
What is 60 minus 13?,47,51,8018,9,96,banana,house,A
What is 89 minus 44?,4,45,59,82,9873,banana,house,B
What is 40 minus 10?,3,30,4298,66,89,banana,house,B
What is 60 minus 25?,1,16,3305,35,79,banana,house,D
What is 59 minus 61?,-2,10,2,26,7859,banana,house,A
What is 51 minus 55?,-4,50,67,7657,9,banana,house,A
What is 45 minus 52?,-7,73,7530,9,95,banana,house,A
What is 51 minus 51?,0,460,6,8,banana,house,,A
What is 22 minus 32?,-10,360,45992,581,7,banana,house,A
What is 10 minus 10?,0,1,636,7,banana,house,,A
What is 67 minus 53?,14,3175,63,76,9,banana,house,A
What is 47 minus 97?,-50,158,2,465,64358,banana,house,A
What is 58 minus 55?,209,3,5,6,banana,house,,B
What is 29 minus 32?,-3,2125,42,48,5,banana,house,A
What is 75 minus 85?,-10,10647,5,583,726,banana,house,A
What is 28 minus 35?,-7,35,7,77,9755,banana,house,A
What is 64 minus 12?,39,52,6,75,8699,banana,house,B
What is 15 minus 18?,-3,12,4,67,7688,banana,house,A
What is 34 minus 15?,19,3521,48,5,89,banana,house,A
What is 37 minus 75?,-38,1,32722,521,758,banana,house,A
What is 15 minus 98?,-83,1,440,80851,848,banana,house,A
What is 88 minus 78?,10,13,2133,38,5,banana,house,A
What is 37 minus 44?,-7,1,8098,84,95,banana,house,A
What is 91 minus 18?,70,73,8,87,8978,banana,house,B
What is 27 minus 44?,-17,256,444,45222,9,banana,house,A
What is 24 minus 36?,-12,471,498,5,79026,banana,house,A
What is 11 minus 48?,-37,143,36823,425,8,banana,house,A
What is 55 minus 58?,-3,5,72,9346,98,banana,house,A
What is 51 minus 73?,-22,4,754,755,85109,banana,house,A
What is 42 minus 96?,-54,119,15918,444,9,banana,house,A
What is 27 minus 94?,-67,101,3,542,90870,banana,house,A
What is 42 minus 44?,-2,1,28,4821,93,banana,house,A
What is 21 minus 55?,-34,3,53532,643,714,banana,house,A
What is 76 minus 45?,12,31,4132,8,88,banana,house,B
What is 49 minus 29?,15,2,20,39,8209,banana,house,C
What is 95 minus 68?,27,46,70,8156,9,banana,house,A
What is 88 minus 56?,2092,24,32,5,94,banana,house,C
What is 75 minus 64?,11,3604,44,9,97,banana,house,A
What is 35 minus 10?,25,3,6242,74,76,banana,house,A
What is 60 minus 99?,-39,23896,5,626,925,banana,house,A
What is 83 minus 63?,20,30,3757,4,41,banana,house,A
What is 92 minus 56?,36,3715,5,58,80,banana,house,A
What is 68 minus 63?,314,5,8,9,banana,house,,B
What is 22 minus 66?,-44,1,297,60324,816,banana,house,A
What is 61 minus 33?,2,28,37,7087,85,banana,house,B
What is 21 minus 77?,-56,2,71438,882,917,banana,house,A
What is 79 minus 74?,3,490,5,banana,house,,,C
What is 56 minus 53?,3,5,7,737,banana,house,,A
What is 80 minus 85?,-5,12,3,4859,63,banana,house,A
What is 27 minus 68?,-41,247,4,842,95690,banana,house,A
What is 70 minus 25?,1441,45,67,89,9,banana,house,B
What is 29 minus 31?,-2,1,1588,39,70,banana,house,A
What is 64 minus 50?,14,1911,44,79,8,banana,house,A
What is 95 minus 80?,15,45,6291,69,8,banana,house,A
What is 43 minus 19?,24,66,7,90,9133,banana,house,A
What is 50 minus 50?,0,179,4,9,banana,house,,A
What is 79 minus 79?,0,1,8,866,banana,house,,A
What is 36 minus 69?,-33,167,6,626,86439,banana,house,A
What is 18 minus 51?,-33,1,605,716,83115,banana,house,A
What is 84 minus 48?,36,3746,57,7,75,banana,house,A
What is 36 minus 74?,-38,369,663,68103,9,banana,house,A
What is 62 minus 36?,12,1276,26,3,77,banana,house,C
What is 97 minus 71?,20,26,3,4896,61,banana,house,B
What is 85 minus 61?,23,24,2876,3,97,banana,house,B
What is 90 minus 95?,-5,13,2445,6,87,banana,house,A
What is 80 minus 79?,1,2,3,680,banana,house,,A
What is 76 minus 92?,-16,2,496,76944,967,banana,house,A
What is 27 minus 13?,1,14,72,7582,93,banana,house,B
What is 59 minus 86?,-27,137,16170,2,994,banana,house,A
What is 68 minus 85?,-17,235,29232,324,8,banana,house,A
What is 85 minus 81?,3,4,666,7,banana,house,,B
What is 87 minus 39?,38,45,48,8154,9,banana,house,C
What is 87 minus 68?,15,1724,19,41,6,banana,house,C
What is 63 minus 72?,-9,51,68,7779,9,banana,house,A
What is 76 minus 38?,34,38,53,6,8308,banana,house,B
What is 11 minus 72?,-61,2,32388,341,552,banana,house,A
What is 52 minus 53?,-1,15,6,8208,90,banana,house,A
What is 96 minus 14?,2,26,55,82,9598,banana,house,D
What is 71 minus 89?,-18,4,717,77708,791,banana,house,A
What is 45 minus 45?,0,1,418,5,banana,house,,A
What is 57 minus 75?,-18,2,20007,314,650,banana,house,A
What is 49 minus 18?,1,2677,31,49,71,banana,house,C
What is 29 minus 39?,-10,16451,6,763,912,banana,house,A
What is 35 minus 61?,-26,2,52506,554,648,banana,house,A
What is 90 minus 60?,1613,2,30,78,87,banana,house,C
What is 84 minus 91?,-7,66,67,8,9810,banana,house,A
What is 39 minus 91?,-52,409,5,56813,923,banana,house,A
What is 64 minus 75?,-11,369,398,7,72000,banana,house,A
What is 83 minus 47?,13,36,39,7,8000,banana,house,B
What is 18 minus 65?,-47,237,323,6,72883,banana,house,A
What is 37 minus 73?,-36,25600,4,618,777,banana,house,A
What is 55 minus 84?,-29,30993,474,610,8,banana,house,A
What is 86 minus 95?,-9,28,4826,8,94,banana,house,A
What is 23 minus 75?,-52,14947,4,502,672,banana,house,A
What is 27 minus 82?,-55,190,6,83296,949,banana,house,A
What is 57 minus 94?,-37,3,39723,411,757,banana,house,A
What is 39 minus 32?,2,484,5,7,banana,house,,D
What is 57 minus 18?,39,5,54,80,9807,banana,house,A
What is 41 minus 84?,-43,13141,543,7,916,banana,house,A
What is 69 minus 36?,33,47,48,7,8715,banana,house,A
What is 32 minus 25?,6,657,7,banana,house,,,C
What is 46 minus 93?,-47,184,45092,742,8,banana,house,A
What is 88 minus 24?,1,18,64,6516,66,banana,house,C
What is 11 minus 30?,-19,178,269,9,97084,banana,house,A
What is 22 minus 61?,-39,2,665,678,94610,banana,house,A
What is 46 minus 22?,24,39,48,5,8856,banana,house,A
What is 17 minus 85?,-68,361,36659,9,936,banana,house,A
What is 98 minus 72?,1,26,3104,46,67,banana,house,B
What is 85 minus 26?,4954,5,59,61,78,banana,house,C
What is 35 minus 13?,1484,22,29,6,64,banana,house,B
What is 83 minus 92?,-9,2909,3,59,84,banana,house,A
What is 81 minus 34?,47,58,63,8,8531,banana,house,A
What is 25 minus 86?,-61,486,64245,7,864,banana,house,A
What is 65 minus 19?,10,27,46,6,7457,banana,house,C
What is 32 minus 14?,18,26,27,3,4607,banana,house,A
What is 44 minus 88?,-44,1,19485,657,702,banana,house,A
What is 64 minus 80?,-16,326,531,56934,8,banana,house,A
What is 89 minus 12?,2182,22,70,77,8,banana,house,D
What is 51 minus 29?,22,48,5,7612,91,banana,house,A
What is 47 minus 13?,31,34,4,5019,88,banana,house,B
What is 54 minus 18?,36,48,68,6906,7,banana,house,A
What is 65 minus 49?,1,16,27,2802,58,banana,house,B
What is 80 minus 59?,21,3,41,72,7219,banana,house,A
What is 37 minus 18?,19,6,7248,82,84,banana,house,A
What is 88 minus 91?,-3,3,3993,52,55,banana,house,A
What is 72 minus 97?,-25,22147,484,5,549,banana,house,A
What is 48 minus 87?,-39,126,146,4,81771,banana,house,A
What is 51 minus 10?,2041,32,41,52,6,banana,house,C
What is 36 minus 44?,-8,46,5,7542,97,banana,house,A
What is 71 minus 28?,33,43,4746,78,9,banana,house,B
What is 83 minus 10?,4,48,4824,70,73,banana,house,E
What is 18 minus 42?,-24,20969,382,469,7,banana,house,A
What is 57 minus 97?,-40,29505,399,4,593,banana,house,A
What is 55 minus 21?,24,34,43,8,9617,banana,house,B
What is 76 minus 69?,165,4,6,7,banana,house,,D
What is 27 minus 98?,-71,1,108,396,86436,banana,house,A
What is 51 minus 46?,4,5,607,8,banana,house,,B
What is 93 minus 65?,22,28,4183,64,9,banana,house,B
What is 77 minus 57?,1,16,20,2636,74,banana,house,C
What is 99 minus 78?,2,21,41,6112,71,banana,house,B
What is 36 minus 84?,-48,18509,186,2,432,banana,house,A
What is 42 minus 39?,3,647,7,8,banana,house,,A
What is 62 minus 31?,1,23,31,8960,90,banana,house,C
What is 80 minus 19?,1742,2,61,68,80,banana,house,C
What is 88 minus 95?,-7,61,6244,9,90,banana,house,A
What is 64 minus 48?,16,1866,26,52,8,banana,house,A
What is 62 minus 92?,-30,1,28715,661,767,banana,house,A
What is 64 minus 84?,-20,19450,302,4,772,banana,house,A
What is 57 minus 43?,1,14,32,35,7623,banana,house,B
What is 14 minus 16?,-2,1,33,34,4031,banana,house,A
What is 74 minus 65?,6,812,9,banana,house,,,C
What is 51 minus 27?,2,24,2570,31,46,banana,house,B
What is 47 minus 29?,13,18,61,7,8870,banana,house,B
What is 14 minus 23?,-9,19,5,50,6238,banana,house,A
What is 85 minus 82?,1,2,3,980,banana,house,,C
What is 61 minus 64?,-3,3304,36,41,9,banana,house,A
What is 26 minus 27?,-1,1,1516,27,45,banana,house,A
What is 33 minus 95?,-62,148,280,59516,6,banana,house,A
What is 27 minus 93?,-66,1,128,197,19899,banana,house,A
What is 42 minus 78?,-36,314,4,414,85481,banana,house,A
What is 22 minus 34?,-12,3,333,57660,757,banana,house,A
What is 33 minus 76?,-43,219,30751,4,487,banana,house,A
What is 41 minus 86?,-45,360,443,7,99033,banana,house,A
What is 26 minus 37?,-11,290,411,62393,9,banana,house,A
What is 48 minus 48?,0,7,8,912,banana,house,,A
What is 10 minus 32?,-22,370,66367,697,9,banana,house,A
What is 64 minus 34?,1,30,32,44,6842,banana,house,B
What is 41 minus 65?,-24,564,8,868,91933,banana,house,A
What is 41 minus 45?,-4,6906,83,9,94,banana,house,A
What is 32 minus 89?,-57,4,56689,583,950,banana,house,A
What is 61 minus 21?,3,40,52,7285,98,banana,house,B
What is 61 minus 57?,2,373,4,6,banana,house,,C
What is 72 minus 59?,13,30,4,57,9370,banana,house,A
What is 17 minus 89?,-72,23792,5,526,banana,house,,A
What is 44 minus 70?,-26,4,42664,478,901,banana,house,A
What is 99 minus 57?,30,42,46,5436,8,banana,house,B
What is 60 minus 65?,-5,4,50,6538,95,banana,house,A
What is 36 minus 81?,-45,26683,694,7,815,banana,house,A
What is 41 minus 29?,12,35,47,7,9091,banana,house,A
What is 85 minus 29?,23,48,56,6,8779,banana,house,C
What is 20 minus 30?,-10,35757,568,7,756,banana,house,A
What is 90 minus 80?,10,38,4481,5,51,banana,house,A
What is 94 minus 46?,48,6,62,80,9195,banana,house,A
What is 64 minus 41?,1,23,7765,83,95,banana,house,B
What is 22 minus 60?,-38,3,48801,651,848,banana,house,A
What is 82 minus 70?,12,4,85,91,9951,banana,house,A
What is 94 minus 19?,22,4679,6,63,75,banana,house,E
What is 96 minus 74?,20,22,4223,60,9,banana,house,B
What is 21 minus 13?,1,4,609,8,banana,house,,D
What is 36 minus 70?,-34,1,233,488,71804,banana,house,A
What is 98 minus 31?,10,22,5,67,9786,banana,house,D
What is 88 minus 64?,1,24,3292,71,80,banana,house,B
What is 59 minus 45?,14,2,3159,36,83,banana,house,A
What is 25 minus 46?,-21,4,507,87614,902,banana,house,A
What is 48 minus 66?,-18,288,506,6,94206,banana,house,A
What is 45 minus 28?,17,3,7366,84,91,banana,house,A
What is 99 minus 47?,4,4133,52,54,61,banana,house,C
What is 86 minus 23?,1185,27,5,63,68,banana,house,D
What is 83 minus 43?,2,2799,40,74,95,banana,house,C
What is 62 minus 99?,-37,492,5,835,84338,banana,house,A
What is 89 minus 62?,1,27,67,7745,96,banana,house,B
What is 97 minus 80?,17,37,38,4615,6,banana,house,A
What is 86 minus 24?,14,23,2760,62,7,banana,house,D
What is 31 minus 54?,-23,1,24888,891,904,banana,house,A
What is 61 minus 41?,1555,20,5,82,87,banana,house,B
What is 20 minus 34?,-14,331,337,45638,5,banana,house,A
What is 37 minus 70?,-33,529,781,8,96086,banana,house,A
What is 36 minus 97?,-61,2,380,46889,646,banana,house,A
What is 15 minus 82?,-67,21614,5,658,916,banana,house,A
What is 17 minus 19?,-2,1617,4,65,73,banana,house,A
What is 19 minus 42?,-23,193,2,62488,657,banana,house,A
What is 84 minus 93?,-9,1408,2,85,94,banana,house,A
What is 93 minus 30?,14,29,63,7835,9,banana,house,C
What is 63 minus 25?,1,2185,38,61,79,banana,house,C
What is 89 minus 87?,1,2,398,4,banana,house,,B
What is 28 minus 25?,3,4,5,613,banana,house,,A
What is 52 minus 48?,259,4,5,9,banana,house,,B
What is 17 minus 36?,-19,2,302,426,65766,banana,house,A
What is 17 minus 99?,-82,2,589,679,73656,banana,house,A
What is 85 minus 22?,1962,36,63,7,79,banana,house,C
What is 20 minus 51?,-31,2,21325,592,906,banana,house,A
What is 73 minus 24?,2,27,36,49,6069,banana,house,D
What is 12 minus 27?,-15,1,31177,410,575,banana,house,A
What is 76 minus 81?,-5,21,2507,5,93,banana,house,A
What is 25 minus 26?,-1,5,6195,68,78,banana,house,A
What is 27 minus 72?,-45,176,4,67165,813,banana,house,A
What is 70 minus 75?,-5,57,5826,7,72,banana,house,A
What is 40 minus 80?,-40,1,181,907,93512,banana,house,A
What is 73 minus 48?,24,25,3000,7,88,banana,house,B
What is 83 minus 46?,2949,3,31,37,41,banana,house,D
What is 54 minus 46?,1,2,8,827,banana,house,,C
What is 40 minus 20?,1842,20,37,52,6,banana,house,B
What is 62 minus 86?,-24,3,543,60926,779,banana,house,A
What is 18 minus 62?,-44,359,54188,6,661,banana,house,A
What is 31 minus 51?,-20,279,50879,8,875,banana,house,A
What is 19 minus 10?,3,389,6,9,banana,house,,D
What is 72 minus 18?,54,5520,69,84,9,banana,house,A
What is 76 minus 77?,-1,55,5625,64,7,banana,house,A
What is 17 minus 13?,2,4,6,705,banana,house,,B
What is 90 minus 99?,-9,53,65,6699,8,banana,house,A
What is 94 minus 61?,33,36,56,6,9271,banana,house,A
What is 47 minus 28?,19,2,33,67,8465,banana,house,A
What is 93 minus 56?,1,37,5243,56,61,banana,house,B
What is 58 minus 11?,1,12,2359,47,70,banana,house,D
What is 47 minus 93?,-46,10667,213,381,4,banana,house,A
What is 58 minus 75?,-17,3,44167,531,763,banana,house,A
