What is 77568 divided by 48?,1616,6256,681689,93,9877,banana,house,A
What is 30736 divided by 904?,2126,34,52,7,banana,house,,B
What is 83968 divided by 164?,4,408,512,633,69147,banana,house,C
What is 17532 divided by 1461?,12,3,35,6881,76,banana,house,A
What is 18760 divided by 9380?,2,6,7,812,banana,house,,A
What is 86756 divided by 92?,253,474,5,943,98373,banana,house,D
What is 94645 divided by 4115?,16,23,4010,5,64,banana,house,B
What is 13034 divided by 686?,1,19,2129,43,97,banana,house,B
What is 83384 divided by 41692?,2,6,688,9,banana,house,,A
What is 81784 divided by 20446?,3,386,4,5,banana,house,,C
What is 51699 divided by 907?,4,49,57,6111,73,banana,house,C
What is 70500 divided by 50?,1410,2236,263560,30,6814,banana,house,A
What is 62812 divided by 62812?,1,3,4,995,banana,house,,A
What is 27678 divided by 7?,3954,7255,80,930808,9824,banana,house,A
What is 21896 divided by 238?,1,15,8489,92,97,banana,house,D
What is 74677 divided by 53?,1409,1531,2251,292272,35,banana,house,A
What is 66861 divided by 969?,12,5,5702,69,92,banana,house,D
What is 93515 divided by 5?,18703,28776,29469,385,4513671,banana,house,A
What is 96558 divided by 3?,32186,432,54477,90539,9460984,banana,house,A
What is 83138 divided by 83138?,1,313,6,8,banana,house,,A
What is 77704 divided by 38852?,2,272,5,8,banana,house,,A
What is 86394 divided by 1122?,1,3220,55,77,banana,house,,D
What is 93054 divided by 3579?,2,26,5355,57,85,banana,house,B
What is 32250 divided by 50?,6,645,685,88026,908,banana,house,B
What is 89441 divided by 517?,173,224,31185,8,960,banana,house,A
What is 18064 divided by 8?,2258,5051,609518,8133,99,banana,house,A
What is 58436 divided by 4174?,14,16,2,38,6653,banana,house,A
What is 79170 divided by 70?,1131,4291,46,852448,8669,banana,house,A
What is 49431 divided by 49431?,1,646,8,9,banana,house,,A
What is 61050 divided by 12210?,2,3,5,655,banana,house,,C
What is 14652 divided by 396?,1,12,37,3751,82,banana,house,C
What is 47124 divided by 924?,3499,51,68,76,9,banana,house,B
What is 68103 divided by 987?,1364,24,35,4,69,banana,house,E
What is 13800 divided by 30?,337,4,460,563,92535,banana,house,C
What is 13872 divided by 408?,34,4,4293,56,91,banana,house,A
What is 41860 divided by 7?,56,5980,796577,8539,9898,banana,house,B
What is 13587 divided by 7?,172418,1941,4243,4748,73,banana,house,B
What is 80275 divided by 80275?,1,427,6,9,banana,house,,A
What is 27120 divided by 1?,19122,27120,47865,510,6412222,banana,house,B
What is 26650 divided by 650?,3841,4,41,82,95,banana,house,C
What is 87696 divided by 12?,2098,278880,55,7308,7412,banana,house,D
What is 12740 divided by 980?,13,2,20,8170,86,banana,house,A
What is 74872 divided by 9359?,1,6,8,967,banana,house,,C
What is 14425 divided by 577?,11,25,3,3300,61,banana,house,B
What is 13995 divided by 933?,15,19,6456,67,8,banana,house,A
What is 60543 divided by 20181?,3,5,760,9,banana,house,,A
What is 59528 divided by 14882?,117,3,4,7,banana,house,,C
What is 36288 divided by 756?,12,1311,48,72,8,banana,house,C
What is 68252 divided by 604?,113,231,36960,428,8,banana,house,A
What is 30920 divided by 2?,15460,3664447,52636,615,87674,banana,house,A
What is 94440 divided by 20?,11,215268,4722,8355,9780,banana,house,C
What is 81742 divided by 3554?,23,47,5,5401,97,banana,house,A
What is 79636 divided by 172?,2,38202,463,521,722,banana,house,C
What is 48243 divided by 1237?,13,39,43,5613,9,banana,house,B
What is 72247 divided by 72247?,1,2,4,425,banana,house,,A
What is 71481 divided by 3?,23827,398,5060976,69693,93377,banana,house,A
What is 83918 divided by 41959?,2,384,6,7,banana,house,,A
What is 59925 divided by 705?,13,3205,7,79,85,banana,house,E
What is 88518 divided by 6?,14753,27186,6609575,728,74836,banana,house,A
What is 93083 divided by 93083?,1,3,462,8,banana,house,,A
What is 34916 divided by 4?,1352,152641,28,4597,8729,banana,house,E
What is 29880 divided by 9960?,1,3,319,6,banana,house,,B
What is 47036 divided by 47036?,1,214,3,9,banana,house,,A
What is 90552 divided by 42?,2156,434249,6190,67,9429,banana,house,A
What is 32528 divided by 38?,14241,2,485,486,856,banana,house,E
What is 35440 divided by 80?,215,221,443,64115,9,banana,house,C
What is 62350 divided by 10?,1705,3100,57,6235,931637,banana,house,D
What is 51269 divided by 167?,148,307,32609,677,7,banana,house,B
What is 92208 divided by 5763?,12,1334,16,72,8,banana,house,C
What is 42441 divided by 47?,2,278,486,56657,903,banana,house,E
What is 24528 divided by 438?,2803,3,42,56,72,banana,house,D
What is 67175 divided by 2687?,25,2878,5,55,72,banana,house,A
What is 48000 divided by 12000?,4,5,6,964,banana,house,,A
What is 49302 divided by 16434?,3,5,6,836,banana,house,,A
What is 28857 divided by 9619?,1,3,5,771,banana,house,,B
What is 75770 divided by 75770?,1,175,7,banana,house,,,A
What is 75474 divided by 9?,1218,1941,382506,66,8386,banana,house,E
What is 20475 divided by 7?,14,1646,2925,298836,3504,banana,house,C
What is 46332 divided by 6?,69,7722,8077,8612,938696,banana,house,B
What is 26680 divided by 290?,35,3577,6,62,92,banana,house,E
What is 39146 divided by 851?,1,46,48,55,8382,banana,house,B
What is 31470 divided by 6294?,5,624,8,9,banana,house,,A
What is 45544 divided by 22772?,2,4,6,737,banana,house,,A
What is 86661 divided by 86661?,1,6,797,8,banana,house,,A
What is 31845 divided by 5?,12,621360,6228,6369,9194,banana,house,D
What is 30008 divided by 248?,1,121,216,265,35163,banana,house,B
What is 67455 divided by 4497?,11,15,2,5947,banana,house,,B
What is 45687 divided by 291?,157,281,3,350,91700,banana,house,A
What is 31910 divided by 5?,1554,22,5326,611165,6382,banana,house,E
What is 75622 divided by 37811?,2,4,6,623,banana,house,,A
What is 11840 divided by 296?,19,40,5977,71,9,banana,house,B
What is 40014 divided by 13338?,2,3,6,764,banana,house,,B
What is 14220 divided by 711?,20,36,4,4811,93,banana,house,A
What is 84604 divided by 4?,1597709,21151,35576,59982,857,banana,house,B
What is 58608 divided by 814?,16,28,4301,72,8,banana,house,D
What is 57344 divided by 2?,28672,601,64107,7921239,98124,banana,house,A
What is 92360 divided by 40?,2309,239057,6880,78,8003,banana,house,A
What is 18893 divided by 7?,136082,1927,2699,34,9255,banana,house,C
What is 78925 divided by 77?,1025,321439,3582,5497,60,banana,house,A
What is 90094 divided by 107?,401,462,56889,8,842,banana,house,E
What is 69078 divided by 174?,397,7,875,91508,958,banana,house,A
What is 22707 divided by 87?,18776,261,819,9,928,banana,house,B
What is 11026 divided by 74?,149,169,2,71388,723,banana,house,A
What is 16170 divided by 1470?,11,4062,83,9,98,banana,house,A
What is 94446 divided by 8586?,11,24,6,68,7625,banana,house,A
What is 56994 divided by 9499?,6,8,9,936,banana,house,,A
What is 16314 divided by 8157?,2,3,601,8,banana,house,,A
What is 37136 divided by 844?,23,44,49,6,7186,banana,house,B
What is 50400 divided by 560?,37,6,71,90,9649,banana,house,D
What is 61241 divided by 47?,1303,2223,28,4533,664862,banana,house,A
What is 12078 divided by 9?,1342,2553,3964,819793,88,banana,house,A
What is 68540 divided by 460?,149,379,5,51531,783,banana,house,A
What is 49200 divided by 4100?,12,1571,31,5,59,banana,house,A
What is 60962 divided by 2771?,2,22,4238,83,90,banana,house,B
What is 44694 divided by 1?,246,44694,58709,66541,9360751,banana,house,B
What is 51792 divided by 156?,332,464,5,52069,542,banana,house,A
What is 33781 divided by 913?,18,1920,3,37,91,banana,house,D
What is 37730 divided by 77?,2,30065,426,490,532,banana,house,D
What is 43458 divided by 43458?,1,3,515,banana,house,,,A
What is 72590 divided by 34?,1533,1548,2135,465728,86,banana,house,C
What is 38610 divided by 2?,19305,2394198,89512,984,99497,banana,house,A
What is 27888 divided by 28?,22955,550,7,837,996,banana,house,E
What is 53280 divided by 666?,2,2426,29,54,80,banana,house,E
What is 72121 divided by 72121?,1,3,344,banana,house,,,A
What is 58410 divided by 9?,21,4536,6490,832431,9311,banana,house,C
What is 89094 divided by 31?,127523,2874,6745,72,8906,banana,house,B
What is 98559 divided by 47?,1471,2097,25,8249,864744,banana,house,B
What is 44498 divided by 22249?,2,415,6,9,banana,house,,A
What is 28060 divided by 61?,460,753,8,893,95556,banana,house,A
What is 26586 divided by 633?,2900,4,42,69,81,banana,house,C
What is 30745 divided by 6149?,397,5,7,8,banana,house,,B
What is 48825 divided by 75?,651,7,770,82082,982,banana,house,A
What is 78542 divided by 227?,2,256,346,512,73891,banana,house,C
What is 64962 divided by 802?,3,61,81,8381,86,banana,house,C
What is 98472 divided by 264?,1,151,373,39425,726,banana,house,C
What is 77022 divided by 25674?,1,2,241,3,banana,house,,D
What is 74212 divided by 2?,120,14399,37106,49325,5860442,banana,house,C
What is 79320 divided by 9915?,4,5,622,8,banana,house,,D
What is 23328 divided by 6?,10,234640,2933,3888,8584,banana,house,D
What is 41712 divided by 8?,183746,1920,5214,8914,90,banana,house,C
What is 23635 divided by 4727?,3,5,692,7,banana,house,,B
What is 19406 divided by 626?,16,2832,31,67,8,banana,house,C
What is 61848 divided by 61848?,1,7,8,989,banana,house,,A
What is 78657 divided by 167?,1,471,493,63099,948,banana,house,B
What is 66761 divided by 661?,101,662,80906,9,994,banana,house,A
What is 82355 divided by 905?,3,44,49,5700,91,banana,house,E
What is 54219 divided by 159?,341,731,76995,850,9,banana,house,A
What is 69288 divided by 5774?,12,38,5799,7,74,banana,house,A
What is 28215 divided by 209?,135,3,437,526,74679,banana,house,A
What is 63256 divided by 7907?,2,4,451,8,banana,house,,D
What is 54372 divided by 276?,197,2,376,71102,958,banana,house,A
What is 29832 divided by 2?,14916,211,59788,7918154,80631,banana,house,A
What is 49665 divided by 4515?,11,51,6,77,7827,banana,house,A
What is 74433 divided by 74433?,1,2,476,5,banana,house,,A
What is 83439 divided by 9271?,3,7,815,9,banana,house,,D
What is 27312 divided by 48?,3,37001,411,569,936,banana,house,D
What is 26316 divided by 731?,1189,36,76,77,8,banana,house,B
What is 23334 divided by 6?,2344,36,3889,513495,6721,banana,house,C
What is 35140 divided by 70?,25389,435,502,646,7,banana,house,C
What is 11705 divided by 5?,2341,5476,589937,74,9988,banana,house,A
What is 64242 divided by 258?,216,249,455,5,71297,banana,house,B
What is 16740 divided by 3?,3056,492351,5580,70,7152,banana,house,C
What is 37242 divided by 4138?,1,125,3,9,banana,house,,D
What is 25590 divided by 2559?,10,4,8122,92,96,banana,house,A
What is 89919 divided by 89919?,1,3,8,896,banana,house,,A
What is 73391 divided by 929?,11,31,4,4784,79,banana,house,E
What is 42080 divided by 263?,160,426,9,92573,984,banana,house,A
What is 47023 divided by 797?,4,4514,59,65,86,banana,house,C
What is 50372 divided by 50372?,1,5,697,8,banana,house,,A
What is 95732 divided by 7?,13676,3078508,78448,90060,970,banana,house,A
What is 45570 divided by 434?,105,204,4,546,89747,banana,house,A
What is 86527 divided by 1841?,2907,47,49,6,70,banana,house,B
What is 40255 divided by 5?,3246,51,5403,683511,8051,banana,house,E
What is 57228 divided by 502?,114,36239,4,630,706,banana,house,A
What is 61692 divided by 53?,1164,2514,65,673552,8336,banana,house,A
What is 86432 divided by 296?,292,5,87371,943,998,banana,house,A
What is 90812 divided by 45406?,2,251,8,banana,house,,,A
What is 25257 divided by 8419?,1,3,735,9,banana,house,,B
What is 78256 divided by 73?,10,1072,125539,2205,5865,banana,house,B
What is 52954 divided by 913?,16,42,58,9,9146,banana,house,C
What is 72975 divided by 4865?,15,24,6522,75,9,banana,house,A
What is 19884 divided by 6628?,265,3,5,6,banana,house,,B
What is 43533 divided by 7?,1566,197805,3701,6219,98,banana,house,D
What is 17424 divided by 9?,1936,3766,9605,97,972128,banana,house,A
What is 52729 divided by 52729?,1,236,6,9,banana,house,,A
What is 95276 divided by 2?,24745,27977,47638,7118269,925,banana,house,C
What is 50785 divided by 50785?,1,353,4,banana,house,,,A
What is 72186 divided by 24062?,251,3,5,9,banana,house,,B
What is 78830 divided by 7883?,10,15,22,8,8654,banana,house,A
What is 81291 divided by 7?,11613,16794,6531133,807,94331,banana,house,A
What is 76965 divided by 35?,2006,2199,3023,764574,86,banana,house,B
What is 36946 divided by 58?,63286,637,717,885,9,banana,house,B
What is 53300 divided by 164?,321,325,42873,7,755,banana,house,B
What is 80240 divided by 4012?,1,20,58,6649,99,banana,house,B
What is 45090 divided by 835?,1,19,33,3725,54,banana,house,E
What is 17538 divided by 8769?,2,3,6,649,banana,house,,A
What is 43512 divided by 111?,17637,392,606,7,918,banana,house,B
What is 42360 divided by 8?,150234,5295,5573,63,6403,banana,house,B
What is 86184 divided by 8?,10773,160,43325,70315,8905306,banana,house,A
What is 56730 divided by 9455?,364,5,6,7,banana,house,,C
What is 59840 divided by 29920?,2,352,4,6,banana,house,,A
What is 92235 divided by 645?,143,490,50411,6,681,banana,house,A
What is 27408 divided by 3?,1242,387783,64,8262,9136,banana,house,E
What is 27792 divided by 6948?,2,4,781,8,banana,house,,B
What is 72360 divided by 804?,3180,53,7,82,90,banana,house,E
What is 26640 divided by 5328?,4,407,5,banana,house,,,C
What is 63645 divided by 3?,21215,41529,47688,4997286,941,banana,house,A
What is 51171 divided by 1383?,3,37,53,69,7429,banana,house,B
What is 64632 divided by 64632?,1,333,6,8,banana,house,,A
What is 55494 divided by 18498?,2,3,4,736,banana,house,,B
What is 78568 divided by 488?,161,4,40818,723,900,banana,house,A
What is 66811 divided by 71?,2,506,59322,936,941,banana,house,E
What is 55625 divided by 89?,2,25786,387,625,636,banana,house,D
What is 90584 divided by 3484?,2,26,29,3858,53,banana,house,B
What is 55648 divided by 592?,25,4421,6,76,94,banana,house,E
What is 53410 divided by 49?,1090,1849,39,7176,734765,banana,house,A
What is 96508 divided by 24127?,1,4,438,9,banana,house,,B
What is 26460 divided by 378?,1,14,5093,60,70,banana,house,E
What is 91955 divided by 91955?,1,686,8,9,banana,house,,A
What is 46920 divided by 690?,10,2605,53,68,7,banana,house,D
What is 25272 divided by 8424?,237,3,4,9,banana,house,,B
What is 56056 divided by 8?,2185,2853,40,414515,7007,banana,house,E
What is 66419 divided by 66419?,1,7,8,823,banana,house,,A
What is 18183 divided by 33?,10393,240,267,5,551,banana,house,E
What is 39144 divided by 8?,2357,3624,4893,50,742542,banana,house,C
What is 87600 divided by 876?,100,2,28698,314,415,banana,house,A
What is 48685 divided by 749?,1,1069,42,65,72,banana,house,D
What is 89693 divided by 349?,19183,203,257,5,661,banana,house,C
What is 61974 divided by 6?,10329,1843682,39387,529,71220,banana,house,A
What is 48030 divided by 4803?,10,15,2,4309,57,banana,house,A
What is 55800 divided by 1?,338,34398,55800,70665,7268676,banana,house,C
What is 71115 divided by 33?,2155,2869,31,337780,9318,banana,house,A
What is 51875 divided by 25?,2075,243663,2944,63,8966,banana,house,A
What is 86015 divided by 86015?,1,2,774,9,banana,house,,A
What is 32300 divided by 6460?,2,394,5,9,banana,house,,C
What is 24336 divided by 936?,26,4,41,6637,93,banana,house,A
What is 19475 divided by 95?,1,205,28447,422,515,banana,house,B
What is 71630 divided by 95?,272,408,50190,754,8,banana,house,D
What is 77064 divided by 9633?,2,3,664,8,banana,house,,D
What is 96558 divided by 462?,17110,173,209,335,8,banana,house,C
What is 45540 divided by 99?,460,8,827,88571,926,banana,house,A
What is 74781 divided by 74781?,1,2,624,8,banana,house,,A
What is 87210 divided by 8721?,10,38,4,8133,93,banana,house,A
What is 77716 divided by 38858?,2,5,6,929,banana,house,,A
What is 36992 divided by 16?,164803,2312,25,3677,6184,banana,house,B
What is 25467 divided by 653?,25,39,43,7,9665,banana,house,B
What is 79976 divided by 4?,19994,2231677,349,39771,86998,banana,house,A
What is 77770 divided by 77?,1010,242251,4258,5734,83,banana,house,A
What is 82569 divided by 51?,1619,306396,3201,5567,87,banana,house,A
What is 14150 divided by 2830?,2,5,507,8,banana,house,,B
What is 65043 divided by 81?,10840,2,803,818,957,banana,house,C
What is 10509 divided by 93?,113,2,63971,904,936,banana,house,A
What is 14385 divided by 959?,13,15,4,44,8670,banana,house,B
What is 18720 divided by 3120?,2,6,669,9,banana,house,,B
What is 80304 divided by 7?,11472,14848,350,46250,9452006,banana,house,A
What is 59436 divided by 762?,18,2,28,3778,78,banana,house,E
What is 26810 divided by 7?,18,3830,5157,5707,653792,banana,house,B
What is 11284 divided by 868?,13,18,7,7874,95,banana,house,A
What is 17270 divided by 785?,12,22,53,6,9101,banana,house,B
What is 76230 divided by 495?,154,188,2,946,94863,banana,house,A
What is 48174 divided by 42?,1147,2260,38,6541,973837,banana,house,A
What is 49106 divided by 86?,196,5,571,86658,963,banana,house,C
What is 33756 divided by 87?,3,30484,388,629,852,banana,house,C
What is 90720 divided by 56?,1620,45,4968,7577,845637,banana,house,A
What is 97214 divided by 3739?,26,31,5,64,8285,banana,house,A
What is 84940 divided by 4?,21235,22391,3791562,425,65130,banana,house,A
What is 98928 divided by 8244?,10,12,35,8788,9,banana,house,B
What is 34752 divided by 96?,110,362,4,61904,998,banana,house,B
What is 15925 divided by 637?,11,25,3,6817,98,banana,house,B
What is 57988 divided by 109?,375,532,7,826,97723,banana,house,B
What is 47526 divided by 7921?,2,249,6,8,banana,house,,C
What is 55074 divided by 9179?,3,4,6,691,banana,house,,C
What is 29970 divided by 3?,52,556558,6316,7282,9990,banana,house,E
What is 19656 divided by 364?,1072,4,43,54,85,banana,house,D
What is 58246 divided by 2?,10151,29123,323,4060325,90859,banana,house,B
What is 37184 divided by 112?,148,28105,3,332,698,banana,house,D
What is 39347 divided by 39347?,1,378,4,7,banana,house,,A
What is 56404 divided by 478?,1,118,305,534,87788,banana,house,B
What is 58898 divided by 7?,1869,46,6125,8414,910883,banana,house,D
What is 38305 divided by 7661?,168,5,6,7,banana,house,,B
What is 23534 divided by 574?,3,41,4798,72,94,banana,house,B
What is 27971 divided by 1?,27971,307,5660838,75980,78909,banana,house,A
What is 44973 divided by 44973?,1,6,873,banana,house,,,A
What is 50640 divided by 8?,28,3808,6330,671307,9438,banana,house,C
What is 73944 divided by 4?,18486,380,5496250,86089,99692,banana,house,A
What is 11330 divided by 1?,10481,11330,18494,436,8271210,banana,house,B
What is 85636 divided by 85636?,1,4,8,840,banana,house,,A
What is 67821 divided by 5217?,13,3,3504,48,banana,house,,A
What is 76783 divided by 7?,10969,3849662,63299,635,99574,banana,house,A
What is 66683 divided by 66683?,1,4,8,961,banana,house,,A
What is 59364 divided by 612?,4,65,6912,89,97,banana,house,E
What is 21357 divided by 3051?,2,4,423,7,banana,house,,D
What is 49536 divided by 96?,134,468,516,8,87802,banana,house,C
What is 21120 divided by 660?,32,50,6,68,9684,banana,house,A
What is 14672 divided by 1?,14672,20136,414,58358,6174234,banana,house,A
What is 13788 divided by 6894?,2,3,480,5,banana,house,,A
What is 82467 divided by 4851?,17,5394,82,9,96,banana,house,A
What is 74855 divided by 14971?,1,3,5,921,banana,house,,C
What is 32028 divided by 4?,8007,897825,9096,92,9495,banana,house,A
What is 78472 divided by 8?,2111,652221,71,7297,9809,banana,house,E
What is 88711 divided by 29?,160848,3059,3180,7112,95,banana,house,B
What is 47322 divided by 23661?,2,334,6,8,banana,house,,A
What is 29024 divided by 32?,288,3,348,62667,907,banana,house,E
What is 69436 divided by 2?,247,34718,47506,57042,7598821,banana,house,B
What is 95489 divided by 17?,2310,256340,3228,44,5617,banana,house,E
What is 65415 divided by 49?,1335,1616,182442,4086,63,banana,house,A
What is 45480 divided by 45480?,1,247,7,8,banana,house,,A
What is 56232 divided by 9372?,123,4,6,8,banana,house,,C
What is 97236 divided by 36?,2701,5766,5772,71,831171,banana,house,A
What is 48342 divided by 2302?,21,4,4373,60,70,banana,house,A
What is 65440 divided by 16360?,2,3,348,4,banana,house,,D
What is 21450 divided by 1650?,13,3,37,76,8959,banana,house,A
What is 31968 divided by 111?,219,288,5,547,93713,banana,house,B
What is 43136 divided by 5392?,2,5,651,8,banana,house,,D
What is 48926 divided by 24463?,2,7,8,952,banana,house,,A
What is 45325 divided by 185?,162,199,245,62592,9,banana,house,C
What is 79296 divided by 448?,177,2,242,673,85383,banana,house,A
What is 50589 divided by 219?,186,231,42255,586,7,banana,house,B
What is 55883 divided by 55883?,1,246,4,banana,house,,,A
What is 71613 divided by 327?,219,35679,430,437,6,banana,house,A
What is 90222 divided by 6?,103,12075,15037,64252,8006882,banana,house,C
What is 26190 divided by 970?,10,27,3,3328,87,banana,house,B
What is 94659 divided by 681?,139,352,7,70793,928,banana,house,A
What is 21336 divided by 8?,12,1699,204568,2667,7375,banana,house,D
What is 92720 divided by 4?,10567,23180,239,3721507,39354,banana,house,B
What is 25460 divided by 95?,268,355,39331,463,5,banana,house,A
What is 59486 divided by 98?,365,37231,6,607,838,banana,house,D
What is 45416 divided by 6488?,1,3,499,7,banana,house,,D
What is 24436 divided by 6109?,2,3,4,968,banana,house,,C
What is 83016 divided by 4612?,18,31,42,6,7270,banana,house,A
What is 38781 divided by 31?,1251,3344,45,823636,8991,banana,house,A
What is 87138 divided by 87138?,1,4,694,8,banana,house,,A
What is 55857 divided by 1?,1517555,22539,55857,56294,745,banana,house,C
What is 94248 divided by 2142?,17,2,44,77,7754,banana,house,C
What is 62624 divided by 304?,206,57456,688,822,9,banana,house,A
What is 73242 divided by 6?,12207,3598554,36364,91968,973,banana,house,A
What is 64893 divided by 3?,21631,39940,481,4986191,95735,banana,house,A
What is 94488 divided by 254?,11177,372,381,6,754,banana,house,B
What is 26742 divided by 6?,1238,16,4457,862579,9723,banana,house,C
What is 90253 divided by 5309?,17,25,6,62,8321,banana,house,A
What is 31276 divided by 4468?,5,7,719,banana,house,,,B
What is 77368 divided by 76?,1018,4295,781692,89,9653,banana,house,A
What is 85680 divided by 85680?,1,2,289,9,banana,house,,A
What is 71790 divided by 7179?,1,10,1555,34,88,banana,house,B
What is 57266 divided by 418?,137,3,386,47728,512,banana,house,A
What is 45651 divided by 45651?,1,282,3,9,banana,house,,A
What is 87380 divided by 21845?,3,4,472,6,banana,house,,B
What is 46908 divided by 3?,15636,167,61810,87862,9126109,banana,house,A
What is 33851 divided by 33851?,1,3,8,983,banana,house,,A
What is 33480 divided by 24?,1363,1395,513184,81,8106,banana,house,B
What is 36848 divided by 1316?,26,28,4749,7,85,banana,house,B
What is 50778 divided by 7?,1786,2919,33,388416,7254,banana,house,E
What is 11620 divided by 5?,22,2324,4422,603313,6113,banana,house,B
What is 92742 divided by 1066?,24,4,72,87,9191,banana,house,D
What is 88690 divided by 8869?,10,37,5876,7,76,banana,house,A
What is 86295 divided by 5?,14015,17259,3540709,45614,943,banana,house,B
What is 72486 divided by 9?,5867,73,7623,8054,879173,banana,house,D
What is 70905 divided by 815?,1224,4,44,87,97,banana,house,D
What is 22722 divided by 3?,25,440153,5930,7351,7574,banana,house,E
What is 41078 divided by 94?,25953,357,4,437,932,banana,house,D
What is 13920 divided by 870?,16,3,3401,80,89,banana,house,A
What is 25907 divided by 7?,289600,32,3701,4637,7140,banana,house,C
What is 88020 divided by 108?,48624,815,898,9,937,banana,house,B
What is 48608 divided by 8?,377862,41,4260,6076,9696,banana,house,D
What is 26054 divided by 7?,3384,3722,4972,51,777942,banana,house,B
What is 86700 divided by 75?,1156,13,247025,5526,6050,banana,house,A
What is 24722 divided by 24722?,1,255,3,4,banana,house,,A
What is 41310 divided by 85?,2,226,486,63839,914,banana,house,C
What is 15300 divided by 612?,25,4,43,59,9387,banana,house,A
What is 48124 divided by 908?,18,27,53,7951,9,banana,house,C
What is 24335 divided by 4867?,1,430,5,9,banana,house,,C
What is 69175 divided by 69175?,1,304,5,7,banana,house,,A
What is 72570 divided by 123?,2,338,585,590,81767,banana,house,D
What is 51162 divided by 8527?,4,459,6,banana,house,,,C
What is 97699 divided by 97699?,1,4,6,937,banana,house,,A
What is 91853 divided by 31?,2963,35,5059,5355,992725,banana,house,A
What is 11916 divided by 993?,12,5755,60,83,9,banana,house,A
What is 48511 divided by 349?,1,139,31055,629,848,banana,house,B
What is 56916 divided by 372?,153,191,3,72041,865,banana,house,A
What is 63756 divided by 10626?,5,6,7,871,banana,house,,B
What is 71820 divided by 665?,108,516,757,8,81693,banana,house,A
What is 94400 divided by 9440?,10,31,60,6844,9,banana,house,A
What is 25864 divided by 212?,1,122,22492,591,885,banana,house,B
What is 40041 divided by 9?,1917,337374,4449,60,7898,banana,house,C
What is 58604 divided by 1196?,49,53,55,6518,7,banana,house,A
What is 36822 divided by 6?,2462,32,331357,5559,6137,banana,house,E
What is 11816 divided by 422?,2,28,4682,49,87,banana,house,B
What is 32299 divided by 32299?,1,165,6,9,banana,house,,A
What is 13248 divided by 828?,1,16,20,2787,91,banana,house,B
What is 55128 divided by 1?,14553,409,55128,6167005,97039,banana,house,C
What is 62700 divided by 95?,204,5,51582,529,660,banana,house,E
What is 72905 divided by 14581?,135,2,5,9,banana,house,,C
What is 56520 divided by 4710?,12,22,3346,55,8,banana,house,A
What is 45309 divided by 4119?,11,44,55,6,7820,banana,house,A
What is 76720 divided by 959?,30,47,7843,8,80,banana,house,E
What is 55674 divided by 27837?,2,465,5,9,banana,house,,A
What is 58560 divided by 16?,1711,189989,2983,3660,97,banana,house,D
What is 12195 divided by 1355?,3,630,7,9,banana,house,,D
What is 67940 divided by 790?,65,70,8,86,9096,banana,house,D
What is 62748 divided by 2988?,16,21,3,32,8634,banana,house,B
What is 75855 divided by 5057?,15,53,6,67,6919,banana,house,A
What is 46944 divided by 5868?,2,4,8,971,banana,house,,C
What is 58072 divided by 7259?,2,509,8,banana,house,,,C
What is 32780 divided by 55?,283,3,443,596,89522,banana,house,D
What is 75897 divided by 81?,2,270,80303,937,983,banana,house,D
What is 98716 divided by 4292?,23,6570,8,92,97,banana,house,A
What is 85466 divided by 42733?,2,3,589,8,banana,house,,A
What is 31959 divided by 201?,159,179,6,78175,898,banana,house,A
What is 96773 divided by 3337?,12,2,29,4367,70,banana,house,C
What is 84945 divided by 84945?,1,785,8,banana,house,,,A
What is 54046 divided by 54046?,1,453,5,8,banana,house,,A
What is 48136 divided by 88?,186,2,34211,380,547,banana,house,E
What is 47988 divided by 62?,3,516,774,942,94775,banana,house,C
What is 60304 divided by 7538?,1,3,506,8,banana,house,,D
What is 54245 divided by 571?,10,1264,53,6,95,banana,house,E
What is 55160 divided by 70?,10009,112,227,7,788,banana,house,E
What is 69058 divided by 473?,144,146,5,72969,864,banana,house,B
What is 86580 divided by 39?,2220,3889,40,479202,8682,banana,house,A
What is 68040 divided by 7560?,359,6,7,9,banana,house,,D
What is 47615 divided by 89?,1,317,455,535,91249,banana,house,D
What is 56550 divided by 390?,145,183,43274,608,8,banana,house,A
What is 70336 divided by 7?,10048,389,5660046,65373,73959,banana,house,A
What is 84069 divided by 84069?,1,2,6,966,banana,house,,A
What is 11620 divided by 7?,1192,1284,1660,397979,42,banana,house,C
What is 94416 divided by 56?,1686,4736,53,855145,9776,banana,house,A
What is 16191 divided by 1?,16191,64632,8904921,959,97719,banana,house,A
What is 92224 divided by 8?,11528,13209,352,5451559,66578,banana,house,A
What is 12753 divided by 327?,14,39,4101,8,93,banana,house,B
What is 44604 divided by 189?,236,258,5,591,97011,banana,house,A
What is 33160 divided by 20?,1658,2989,310566,41,9805,banana,house,A
What is 49485 divided by 5?,1897,25,891356,9612,9897,banana,house,E
What is 68772 divided by 17193?,4,6,8,889,banana,house,,A
What is 51340 divided by 68?,12334,209,278,7,755,banana,house,E
What is 51639 divided by 3?,17213,372,6746303,67590,92912,banana,house,A
What is 84684 divided by 84684?,1,254,3,7,banana,house,,A
What is 97848 divided by 648?,151,3,567,614,97540,banana,house,A
What is 83772 divided by 3?,27924,28768,4270826,457,83559,banana,house,A
What is 87061 divided by 6697?,13,1356,29,3,50,banana,house,A
What is 90537 divided by 293?,18146,309,393,9,966,banana,house,B
What is 25674 divided by 11?,2334,2677,54,588695,6780,banana,house,A
What is 17192 divided by 7?,2456,579360,5877,62,6555,banana,house,A
What is 93194 divided by 34?,1246,211452,2741,48,5730,banana,house,C
What is 17176 divided by 2147?,304,4,8,9,banana,house,,C
What is 54600 divided by 168?,325,352,48090,546,6,banana,house,A
What is 45288 divided by 7548?,5,6,649,9,banana,house,,B
What is 52308 divided by 52308?,1,282,7,8,banana,house,,A
What is 75061 divided by 7?,10723,390,40312,94804,9562221,banana,house,A
What is 35744 divided by 8936?,1,4,795,8,banana,house,,B
What is 76567 divided by 23?,25,3329,601756,7423,8822,banana,house,B
What is 31110 divided by 305?,102,20973,5,531,911,banana,house,A
What is 97659 divided by 3617?,27,33,6,6938,96,banana,house,A
What is 67275 divided by 5?,13455,1373821,436,76625,82546,banana,house,A
What is 36756 divided by 9?,11,1252,214395,2520,4084,banana,house,E
What is 47202 divided by 3?,15734,1662468,42157,796,86386,banana,house,A
What is 88892 divided by 2?,13950,44446,4909124,558,86354,banana,house,B
What is 91342 divided by 45671?,2,4,412,9,banana,house,,A
What is 88740 divided by 4?,1014479,14772,22185,65502,793,banana,house,C
What is 17562 divided by 8781?,2,280,8,9,banana,house,,A
What is 65317 divided by 43?,1519,1900,7102,79,984665,banana,house,A
What is 53340 divided by 42?,1270,5657,7550,90,969411,banana,house,A
What is 94776 divided by 88?,1077,29,3959,440134,5759,banana,house,A
What is 90560 divided by 9056?,1,10,38,6067,75,banana,house,B
What is 35834 divided by 23?,1558,268005,4356,6263,75,banana,house,A
What is 37600 divided by 40?,1,18984,192,321,940,banana,house,E
What is 77252 divided by 38626?,2,7,893,9,banana,house,,A
What is 53919 divided by 27?,1997,3835,41,460198,8638,banana,house,A
What is 18515 divided by 2645?,4,5,520,7,banana,house,,D
What is 90385 divided by 5?,18077,241,52937,60868,8509268,banana,house,A
What is 48125 divided by 55?,172,314,875,9,93991,banana,house,C
What is 98952 divided by 399?,248,415,7,823,88600,banana,house,A
What is 94300 divided by 5?,18860,36323,443,7575568,78881,banana,house,A
What is 55982 divided by 46?,1217,2617,775280,80,8055,banana,house,A
What is 16996 divided by 8498?,1,2,854,9,banana,house,,B
What is 44574 divided by 7429?,1,5,505,6,banana,house,,D
What is 16510 divided by 127?,130,249,302,6,62790,banana,house,A
What is 18879 divided by 899?,14,21,48,8,8430,banana,house,B
What is 33475 divided by 5?,1370,2332,422412,50,6695,banana,house,E
What is 89128 divided by 52?,1714,205184,2406,4133,66,banana,house,A
What is 81304 divided by 40652?,2,5,8,817,banana,house,,A
What is 28248 divided by 88?,15567,160,321,835,9,banana,house,C
What is 74772 divided by 8308?,6,724,9,banana,house,,,C
What is 84908 divided by 21227?,3,4,703,9,banana,house,,B
What is 89950 divided by 25?,3598,8104,85,8570,984318,banana,house,A
What is 37069 divided by 1951?,19,40,5,78,9044,banana,house,A
What is 76944 divided by 5496?,14,2,20,60,6437,banana,house,A
What is 79758 divided by 2?,1216489,12821,39879,445,63936,banana,house,C
What is 13566 divided by 51?,1,266,937,95950,996,banana,house,B
What is 68264 divided by 9752?,2,7,814,banana,house,,,B
What is 95404 divided by 122?,12660,541,575,782,8,banana,house,D
What is 74496 divided by 48?,1336,14,1552,630507,8615,banana,house,C
What is 33420 divided by 60?,407,47050,557,594,7,banana,house,C
What is 20904 divided by 3484?,1,366,6,8,banana,house,,C
What is 24399 divided by 8133?,2,3,9,957,banana,house,,B
What is 83706 divided by 41853?,2,4,861,9,banana,house,,A
What is 49248 divided by 684?,11,19,7,72,9307,banana,house,D
What is 86106 divided by 678?,127,162,2,552,87330,banana,house,A
What is 53648 divided by 26824?,2,222,6,8,banana,house,,A
What is 20152 divided by 8?,126262,2519,5138,5843,98,banana,house,B
What is 26726 divided by 46?,51838,581,649,8,933,banana,house,B
What is 32972 divided by 8243?,2,4,884,banana,house,,,B
What is 70960 divided by 2?,102,35480,4058282,60354,60536,banana,house,B
What is 27522 divided by 2502?,11,19,5539,6,63,banana,house,A
What is 64017 divided by 9?,10,2359,340458,7113,7566,banana,house,D
What is 36459 divided by 36459?,1,159,2,9,banana,house,,A
What is 35080 divided by 4?,36,6113,6574,8770,905967,banana,house,D
What is 30385 divided by 6077?,2,3,5,543,banana,house,,C
What is 98832 divided by 696?,142,186,198,6,72510,banana,house,A
What is 21782 divided by 21782?,1,7,781,8,banana,house,,A
What is 95677 divided by 95677?,1,4,721,8,banana,house,,A
What is 19513 divided by 79?,247,346,499,7,97769,banana,house,A
What is 55008 divided by 27504?,2,8,9,930,banana,house,,A
What is 98736 divided by 88?,1122,18,196863,2701,4566,banana,house,A
What is 65436 divided by 861?,1,31,51,76,9827,banana,house,D
What is 33966 divided by 918?,2533,3,37,45,95,banana,house,C
What is 19311 divided by 3?,3997,6437,650558,78,9950,banana,house,B
What is 26350 divided by 85?,310,365,458,5,71365,banana,house,A
What is 37752 divided by 6?,197911,32,4429,5068,6292,banana,house,E
What is 71502 divided by 51?,1402,247482,34,5807,6873,banana,house,A
What is 82194 divided by 399?,206,3,320,32787,857,banana,house,A
What is 77424 divided by 8?,1402,2799,52,859015,9678,banana,house,E
What is 96066 divided by 9?,10674,5528846,711,83042,96795,banana,house,A
What is 22176 divided by 9?,2464,30,355924,7640,8558,banana,house,A
What is 82960 divided by 61?,1360,22,5006,7098,873651,banana,house,A
What is 38440 divided by 8?,18,432746,4805,7127,9405,banana,house,C
What is 69184 divided by 46?,1504,4479,600539,64,6921,banana,house,A
What is 99682 divided by 394?,106,253,5,64906,787,banana,house,B
What is 46288 divided by 8?,304877,5786,62,6228,7017,banana,house,B
What is 21203 divided by 1631?,13,2,6343,72,76,banana,house,A
What is 11136 divided by 4?,1086,2784,34,411174,7488,banana,house,B
What is 21063 divided by 7?,3009,3693,3864,58,941438,banana,house,A
What is 88367 divided by 97?,24436,333,7,882,911,banana,house,E
What is 49164 divided by 24582?,2,553,8,banana,house,,,A
What is 28530 divided by 5706?,4,5,643,8,banana,house,,B
What is 69607 divided by 1481?,47,49,7128,8,91,banana,house,A
What is 35880 divided by 260?,1,138,41888,874,901,banana,house,B
What is 79674 divided by 98?,1,23809,420,747,813,banana,house,E
What is 36660 divided by 39?,1,105,23565,682,940,banana,house,E
What is 89307 divided by 3?,29769,341,44924,5700136,90543,banana,house,A
What is 77400 divided by 6?,12900,2404493,242,29804,76400,banana,house,A
What is 70740 divided by 20?,15,2245,2695,3537,678440,banana,house,D
What is 90315 divided by 10035?,1,497,6,9,banana,house,,D
What is 71050 divided by 7105?,10,2538,38,53,7,banana,house,A
What is 16779 divided by 987?,13,17,2,5936,80,banana,house,B
What is 86072 divided by 232?,11472,371,664,7,931,banana,house,B
What is 97780 divided by 9778?,10,21,29,6028,8,banana,house,A
What is 12060 divided by 603?,20,3834,42,6,71,banana,house,A
What is 68385 divided by 47?,1455,5325,564353,84,9944,banana,house,A
What is 95080 divided by 4754?,1,1775,20,25,58,banana,house,C
What is 74720 divided by 7472?,10,20,46,6339,7,banana,house,A
What is 22380 divided by 6?,1856,356697,3730,63,6702,banana,house,C
What is 21008 divided by 404?,52,65,8,91,9614,banana,house,A
What is 14061 divided by 327?,43,45,48,6,7351,banana,house,A
What is 73139 divided by 6649?,11,2,75,7613,84,banana,house,A
What is 80757 divided by 27?,2991,35,434136,4426,5922,banana,house,A
What is 61992 divided by 9?,2471,26,2886,587276,6888,banana,house,E
What is 25584 divided by 624?,28,41,59,7,9685,banana,house,B
What is 13296 divided by 277?,1113,48,53,64,7,banana,house,B
What is 68850 divided by 810?,3396,4,82,83,85,banana,house,E
What is 45688 divided by 8?,316642,5711,60,7139,7576,banana,house,B
What is 58790 divided by 29395?,1,2,261,7,banana,house,,B
What is 68175 divided by 68175?,1,2,8,831,banana,house,,A
What is 19600 divided by 9800?,2,4,677,9,banana,house,,A
What is 27062 divided by 1?,15167,27062,657,9378883,94806,banana,house,B
What is 33782 divided by 133?,254,4,645,64999,703,banana,house,A
What is 79800 divided by 760?,105,118,143,18431,4,banana,house,A
What is 63785 divided by 12757?,5,8,9,978,banana,house,,A
What is 61716 divided by 30858?,2,5,9,986,banana,house,,A
What is 12540 divided by 33?,380,56606,624,7,755,banana,house,A
What is 69504 divided by 16?,4344,508238,5799,76,9165,banana,house,A
What is 44751 divided by 3?,14917,40445,586,63319,9529482,banana,house,A
What is 96630 divided by 2?,1890970,48315,60857,702,92676,banana,house,B
What is 34867 divided by 4981?,481,6,7,9,banana,house,,C
What is 85640 divided by 8564?,10,44,5168,70,9,banana,house,A
What is 63198 divided by 9?,3701,3952,537235,7022,77,banana,house,D
What is 28485 divided by 9?,3165,3413,62,8195,919735,banana,house,A
What is 48860 divided by 7?,266939,6980,75,8104,8833,banana,house,B
What is 88831 divided by 88831?,1,3,635,8,banana,house,,A
What is 20482 divided by 49?,418,75714,8,851,937,banana,house,A
What is 82960 divided by 272?,305,601,651,9,99391,banana,house,A
What is 62416 divided by 31208?,2,550,7,9,banana,house,,A
What is 39690 divided by 98?,224,405,47834,6,720,banana,house,B
What is 56460 divided by 6?,2136,278575,65,8784,9410,banana,house,E
What is 57856 divided by 7232?,3,679,8,9,banana,house,,C
What is 65632 divided by 56?,1172,52,6702,8013,996058,banana,house,A
What is 54776 divided by 167?,328,40066,469,541,9,banana,house,A
What is 42765 divided by 5?,1928,265987,39,6658,8553,banana,house,E
What is 94995 divided by 9?,10555,23885,41066,7090624,993,banana,house,A
What is 50175 divided by 15?,3345,375736,57,7235,9379,banana,house,A
What is 18364 divided by 9182?,2,277,5,8,banana,house,,A
What is 58144 divided by 184?,316,7,774,91788,978,banana,house,A
What is 70136 divided by 6376?,11,2658,58,62,8,banana,house,A
What is 97594 divided by 6971?,1,14,26,48,8485,banana,house,B
What is 69819 divided by 629?,111,210,4,913,95805,banana,house,A
What is 40156 divided by 40156?,1,5,781,8,banana,house,,A
What is 60105 divided by 5?,12021,18404,7006134,80718,965,banana,house,A
What is 66242 divided by 1?,108,14758,35381,66242,9365741,banana,house,D
What is 78069 divided by 78069?,1,338,4,7,banana,house,,A
What is 74646 divided by 638?,117,184,430,51929,7,banana,house,A
What is 76942 divided by 76942?,1,4,5,941,banana,house,,A
What is 74475 divided by 5?,14895,42515,5439416,655,89256,banana,house,A
What is 72224 divided by 4?,12157,18056,634,67992,8895857,banana,house,B
What is 96316 divided by 4?,16766,24079,2466833,34911,883,banana,house,B
What is 28891 divided by 167?,173,253,618,7,92777,banana,house,A
What is 89495 divided by 7?,12785,15675,3804123,60917,640,banana,house,A
What is 91152 divided by 8?,11394,379,64995,67808,7699199,banana,house,A
What is 66550 divided by 1331?,1002,3,48,50,73,banana,house,D
What is 98021 divided by 133?,1,11215,162,645,737,banana,house,E
What is 79252 divided by 2?,1066377,29928,39626,528,95712,banana,house,C
What is 12096 divided by 4032?,2,3,729,banana,house,,,B
What is 66162 divided by 11027?,591,6,9,banana,house,,,B
What is 86343 divided by 1?,17097,267,50354,5126524,86343,banana,house,E
What is 90954 divided by 62?,1467,45,4660,466136,7777,banana,house,A
What is 66627 divided by 6057?,11,14,1545,5,91,banana,house,A
What is 29045 divided by 5809?,228,3,5,6,banana,house,,C
What is 16152 divided by 3?,127225,26,4730,5384,6353,banana,house,D
What is 38865 divided by 7773?,4,5,6,681,banana,house,,B
What is 53360 divided by 29?,1840,3003,634418,7883,92,banana,house,A
What is 92806 divided by 98?,140,2,54927,581,947,banana,house,E
What is 44355 divided by 8871?,2,5,533,7,banana,house,,B
What is 38112 divided by 24?,1588,49,6334,812235,9430,banana,house,A
What is 92096 divided by 92096?,1,2,536,8,banana,house,,A
What is 39284 divided by 39284?,1,2,792,8,banana,house,,A
What is 77924 divided by 484?,161,274,7,788,80101,banana,house,A
What is 29175 divided by 5?,130959,5835,6380,6996,94,banana,house,B
What is 64935 divided by 5?,112,11818,12987,5730589,69670,banana,house,C
What is 73588 divided by 2?,332,34852,36794,8681368,94003,banana,house,C
What is 25863 divided by 699?,23,3,37,91,9637,banana,house,C
What is 40914 divided by 2273?,18,25,4443,76,9,banana,house,A
What is 54450 divided by 54450?,1,2,530,8,banana,house,,A
What is 65986 divided by 2?,21321,32993,7208789,724,96592,banana,house,B
What is 34787 divided by 809?,27,43,4883,51,6,banana,house,B
What is 56304 divided by 1224?,13,29,46,6857,7,banana,house,C
What is 86733 divided by 86733?,1,103,5,banana,house,,,A
What is 57880 divided by 11576?,3,5,770,9,banana,house,,B
What is 44884 divided by 916?,4097,49,7,84,92,banana,house,B
What is 44694 divided by 9?,27,4966,789049,8833,8843,banana,house,B
What is 69768 divided by 216?,323,334,4,612,83488,banana,house,A
What is 79560 divided by 936?,14,20,3,7366,85,banana,house,E
What is 83506 divided by 86?,394,4,58254,706,971,banana,house,E
What is 64792 divided by 364?,11595,178,733,762,8,banana,house,B
What is 91784 divided by 6556?,14,4122,47,50,6,banana,house,A
What is 54480 divided by 40?,135038,1362,1494,2978,67,banana,house,B
What is 84227 divided by 84227?,1,317,5,8,banana,house,,A
What is 86703 divided by 28901?,253,3,8,9,banana,house,,B
What is 92535 divided by 30845?,3,563,6,9,banana,house,,A
What is 12732 divided by 2122?,2,211,4,6,banana,house,,D
What is 91349 divided by 547?,167,261,36653,4,932,banana,house,A
What is 69900 divided by 466?,150,273,4,597,60412,banana,house,A
What is 45663 divided by 93?,253,491,6,637,75880,banana,house,B
What is 86754 divided by 761?,114,2,23863,657,701,banana,house,A
What is 54891 divided by 963?,56,57,72,8522,9,banana,house,B
What is 75192 divided by 78?,1,58106,638,658,964,banana,house,E
What is 49520 divided by 8?,25,2579,449533,6129,6190,banana,house,E
What is 54473 divided by 47?,1159,2218,66,884052,9637,banana,house,A
What is 95672 divided by 1?,13168,15056,4328426,876,95672,banana,house,E
What is 42164 divided by 1?,236,42164,54689,8966153,96466,banana,house,B
What is 57400 divided by 200?,276,287,61467,750,9,banana,house,B
What is 39728 divided by 26?,1528,6011,629144,9066,99,banana,house,A
What is 14848 divided by 64?,1,232,29333,789,834,banana,house,B
What is 76220 divided by 76220?,1,6,850,banana,house,,,A
What is 68138 divided by 34069?,2,5,7,744,banana,house,,A
What is 31952 divided by 8?,1508,20,3994,682604,8693,banana,house,C
What is 25296 divided by 25296?,1,606,9,banana,house,,,A
What is 57600 divided by 24?,2400,3147,41,522341,9869,banana,house,A
What is 79611 divided by 7?,11373,59799,65358,9478608,969,banana,house,A
What is 38657 divided by 899?,43,4971,5,73,79,banana,house,A
What is 35352 divided by 8?,130520,26,3192,4239,4419,banana,house,E
What is 38790 divided by 3879?,10,13,3626,8,80,banana,house,A
What is 39599 divided by 5657?,6,7,794,9,banana,house,,B
What is 81838 divided by 493?,166,3,316,75887,976,banana,house,A
What is 42808 divided by 5351?,3,5,8,991,banana,house,,C
What is 11646 divided by 6?,17,1941,3668,5688,955098,banana,house,B
What is 53390 divided by 10678?,1,5,745,9,banana,house,,B
What is 38808 divided by 99?,158,392,4,456,69220,banana,house,B
What is 11400 divided by 57?,200,283,7,722,84486,banana,house,A
What is 85648 divided by 53?,1616,18,3653,594628,7977,banana,house,A
What is 44585 divided by 185?,2,241,361,78569,968,banana,house,B
What is 60334 divided by 97?,1,132,28715,562,622,banana,house,E
What is 66264 divided by 4?,16566,21524,321,3855158,95359,banana,house,A
What is 35670 divided by 29?,1230,45,810549,8278,9271,banana,house,A
What is 20056 divided by 436?,28,30,46,7889,8,banana,house,C
What is 80016 divided by 8?,10002,107,64914,66268,8499717,banana,house,A
What is 57610 divided by 5761?,10,1057,3,93,95,banana,house,A
What is 59755 divided by 1615?,23,37,4,7072,72,banana,house,B
What is 24723 divided by 41?,279,51457,603,660,9,banana,house,C
What is 76594 divided by 2?,1046155,38297,66340,98813,993,banana,house,B
What is 21750 divided by 375?,19,2,35,3699,58,banana,house,E
What is 46158 divided by 3297?,14,44,5600,67,9,banana,house,A
What is 90972 divided by 7581?,12,49,6332,7,73,banana,house,A
What is 55924 divided by 124?,2,420,451,562,84555,banana,house,C
What is 53583 divided by 337?,159,230,444,5,75704,banana,house,A
What is 39585 divided by 91?,109,435,57771,781,9,banana,house,B
What is 57232 divided by 2?,28616,371,50151,84856,8555482,banana,house,A
What is 10791 divided by 981?,11,47,7,7077,97,banana,house,A
What is 39396 divided by 42?,29751,3,407,449,938,banana,house,E
What is 60001 divided by 29?,1046,2069,3785,603245,82,banana,house,B
What is 73226 divided by 893?,13,51,7948,8,82,banana,house,E
What is 27972 divided by 54?,136,202,518,82172,9,banana,house,C
What is 69537 divided by 69537?,1,153,2,banana,house,,,A
What is 68565 divided by 68565?,1,3,4,943,banana,house,,A
What is 65402 divided by 65402?,1,4,473,6,banana,house,,A
What is 80172 divided by 20043?,4,6,9,938,banana,house,,A
What is 85219 divided by 2749?,20,30,31,5,9527,banana,house,C
What is 29337 divided by 9779?,3,4,824,9,banana,house,,A
What is 23556 divided by 453?,1477,2,52,54,95,banana,house,C
What is 42122 divided by 42122?,1,548,7,banana,house,,,A
What is 76352 divided by 16?,1106,43,4772,669337,9861,banana,house,C
What is 23553 divided by 9?,26,2617,3827,8937,989558,banana,house,B
What is 77672 divided by 5548?,11,14,15,2,2997,banana,house,B
What is 52770 divided by 6?,226327,4857,7806,8795,90,banana,house,D
What is 76807 divided by 1?,45066,479,6721419,76807,81390,banana,house,D
What is 87171 divided by 4151?,21,2660,38,9,97,banana,house,A
What is 13314 divided by 42?,206,317,5,74370,915,banana,house,B
What is 73260 divided by 7326?,10,45,5330,60,9,banana,house,A
What is 60650 divided by 2426?,1,23,25,2868,88,banana,house,C
What is 28182 divided by 427?,2,66,83,8467,93,banana,house,B
What is 34650 divided by 11?,18,2613,299134,3150,4074,banana,house,D
What is 68361 divided by 68361?,1,2,4,751,banana,house,,A
What is 91938 divided by 7?,13134,23750,331,6718280,73159,banana,house,A
What is 99840 divided by 780?,128,26089,731,733,8,banana,house,A
What is 70552 divided by 8819?,2,3,539,8,banana,house,,D
What is 11468 divided by 5734?,2,3,428,7,banana,house,,A
What is 41652 divided by 468?,3281,68,8,88,89,banana,house,E
What is 42444 divided by 3537?,12,2749,54,7,83,banana,house,A
What is 97650 divided by 9765?,10,35,6173,8,81,banana,house,A
What is 50090 divided by 2?,1771797,25045,26377,82570,871,banana,house,B
What is 14016 divided by 73?,192,4,62054,798,868,banana,house,A
What is 52416 divided by 832?,55,63,7520,8,99,banana,house,B
What is 57193 divided by 1?,277,28353,4180023,57193,75357,banana,house,D
What is 33250 divided by 6650?,4,413,5,6,banana,house,,C
What is 80100 divided by 8900?,1,2,426,9,banana,house,,D
What is 97370 divided by 65?,1179,1498,47,659359,9031,banana,house,B
What is 54444 divided by 4537?,12,4,75,76,8943,banana,house,A
What is 44824 divided by 44824?,1,2,509,7,banana,house,,A
What is 23256 divided by 684?,34,46,48,5,6777,banana,house,A
What is 33436 divided by 4?,29,3023,375799,4210,8359,banana,house,E
What is 28260 divided by 942?,3,30,43,6378,72,banana,house,B
What is 78648 divided by 904?,5,51,58,6418,87,banana,house,E
What is 89226 divided by 29742?,3,4,8,818,banana,house,,A
What is 35364 divided by 12?,2874,2947,74,8145,945049,banana,house,B
What is 72510 divided by 36255?,2,3,372,5,banana,house,,A
What is 57213 divided by 9?,1295,5745,6357,715426,77,banana,house,C
What is 60797 divided by 1?,1219177,12603,604,60797,61714,banana,house,D
What is 74793 divided by 74793?,1,131,3,5,banana,house,,A
What is 26704 divided by 26704?,1,3,4,580,banana,house,,A
What is 93132 divided by 39?,2388,3509,6276,730268,81,banana,house,A
What is 60550 divided by 50?,1211,1404,3330,61,810553,banana,house,A
What is 14340 divided by 3585?,3,4,461,9,banana,house,,B
What is 60318 divided by 2234?,27,3015,4,67,72,banana,house,A
What is 25544 divided by 6386?,4,651,7,8,banana,house,,A
What is 32338 divided by 1702?,19,24,5604,60,9,banana,house,A
What is 83600 divided by 88?,269,3,648,86669,950,banana,house,E
What is 84010 divided by 62?,1355,213198,2210,6504,66,banana,house,A
What is 39904 divided by 9976?,1,4,808,banana,house,,,B
What is 76973 divided by 13?,363704,49,5921,7030,7208,banana,house,C
What is 64380 divided by 6?,10730,62986,661,87920,9139529,banana,house,A
What is 33549 divided by 633?,53,6198,79,8,94,banana,house,A
What is 74738 divided by 37369?,2,4,9,950,banana,house,,A
What is 70110 divided by 95?,118,21362,3,738,863,banana,house,D
What is 60902 divided by 823?,1104,3,40,74,91,banana,house,D
What is 74800 divided by 37400?,2,7,819,banana,house,,,A
What is 67704 divided by 28?,2418,344308,5734,70,8686,banana,house,A
What is 12032 divided by 2?,17,3109,408799,6016,9276,banana,house,D
What is 73959 divided by 24653?,2,293,3,banana,house,,,C
What is 32576 divided by 64?,509,6,662,670,72718,banana,house,A
What is 58834 divided by 2?,29417,7838021,81257,877,89261,banana,house,A
What is 80330 divided by 2770?,29,30,4931,54,7,banana,house,A
What is 75933 divided by 3?,25311,63275,65162,729,9816195,banana,house,A
What is 28172 divided by 4?,4427,7043,82,8261,881364,banana,house,B
What is 63261 divided by 63261?,1,3,689,7,banana,house,,A
What is 36652 divided by 2?,168,18326,3665861,46933,69841,banana,house,B
What is 74784 divided by 37392?,2,6,783,8,banana,house,,A
What is 35820 divided by 8955?,1,4,6,799,banana,house,,B
What is 32925 divided by 32925?,1,5,773,8,banana,house,,A
What is 19344 divided by 12?,1612,3139,5312,805398,83,banana,house,A
What is 46648 divided by 8?,32,391834,5831,9355,9692,banana,house,C
What is 41445 divided by 9?,4545,4605,589991,63,6776,banana,house,B
What is 60463 divided by 13?,1302,2033,23,383746,4651,banana,house,E
What is 46570 divided by 4657?,10,27,3,3836,69,banana,house,A
What is 94095 divided by 9?,10455,1172527,58312,802,80475,banana,house,A
What is 13378 divided by 13378?,1,2,574,6,banana,house,,A
What is 63018 divided by 778?,3171,7,74,81,85,banana,house,D
What is 50028 divided by 12?,356506,4169,71,7877,9788,banana,house,B
What is 44000 divided by 5500?,165,5,8,9,banana,house,,C
What is 43788 divided by 267?,164,33991,466,702,9,banana,house,A
What is 93516 divided by 3?,142,2176043,31172,84934,92946,banana,house,C
What is 45366 divided by 7561?,2,574,6,banana,house,,,C
What is 77184 divided by 603?,128,3,41827,873,874,banana,house,A
What is 78814 divided by 314?,251,47023,502,7,740,banana,house,A
What is 48065 divided by 9613?,5,6,7,917,banana,house,,A
What is 41500 divided by 4?,10375,12506,372,56944,7423342,banana,house,A
What is 80780 divided by 16156?,2,5,6,808,banana,house,,B
What is 65660 divided by 67?,138,14402,457,7,980,banana,house,E
What is 62118 divided by 14?,4437,528332,53,6926,9210,banana,house,A
What is 94016 divided by 94016?,1,3,4,936,banana,house,,A
What is 31280 divided by 85?,365,368,6,722,73571,banana,house,B
What is 48600 divided by 4860?,10,2136,37,41,8,banana,house,A
What is 79458 divided by 41?,1609,1938,223373,4611,65,banana,house,B
What is 39310 divided by 39310?,1,222,7,8,banana,house,,A
What is 76189 divided by 76189?,1,2,662,9,banana,house,,A
What is 62490 divided by 2083?,30,4,5374,59,93,banana,house,A
What is 53229 divided by 1?,3762273,53229,54649,599,60050,banana,house,B
What is 63063 divided by 231?,14559,273,3,380,930,banana,house,B
What is 46995 divided by 9399?,221,3,5,8,banana,house,,C
What is 32608 divided by 2038?,16,53,6004,66,7,banana,house,A
What is 64862 divided by 64862?,1,2,5,947,banana,house,,A
What is 45074 divided by 62?,4,59177,645,688,727,banana,house,E
What is 51256 divided by 8?,1182,6407,75,757369,9200,banana,house,B
What is 18195 divided by 1213?,15,2,29,57,9648,banana,house,A
What is 26115 divided by 1741?,15,4,41,51,5294,banana,house,A
What is 29750 divided by 170?,101,14370,175,275,3,banana,house,C
What is 83764 divided by 4?,1416845,19360,20941,27646,521,banana,house,C
What is 28300 divided by 28300?,1,4,569,9,banana,house,,A
What is 32816 divided by 8?,255730,40,4102,5009,7858,banana,house,C
What is 30038 divided by 1?,30038,32310,36706,6415690,655,banana,house,A
What is 24475 divided by 25?,1,108,374,61012,979,banana,house,E
What is 38792 divided by 26?,1492,2537,48,878439,8917,banana,house,A
What is 40824 divided by 7?,30,362817,5832,9253,9389,banana,house,C
What is 81160 divided by 8116?,10,1255,13,3,91,banana,house,A
What is 66585 divided by 69?,1,45165,699,824,965,banana,house,E
What is 93933 divided by 147?,116,290,3,639,66705,banana,house,D
What is 82068 divided by 27356?,265,3,8,9,banana,house,,B
What is 95400 divided by 318?,293,300,47955,8,814,banana,house,B
What is 85067 divided by 331?,153,2,257,34434,372,banana,house,C
What is 49435 divided by 9887?,1,452,5,9,banana,house,,C
What is 40544 divided by 5792?,1,3,521,7,banana,house,,D
What is 99495 divided by 737?,135,220,3,332,44559,banana,house,A
What is 82608 divided by 41304?,2,3,723,8,banana,house,,A
What is 82292 divided by 7?,11756,445,49883,51463,8570538,banana,house,A
What is 67854 divided by 43?,1578,2934,37,5464,980300,banana,house,A
What is 79599 divided by 39?,2041,2179,292239,63,7244,banana,house,A
What is 42328 divided by 286?,132,148,18861,777,9,banana,house,B
What is 97687 divided by 97687?,1,4,821,banana,house,,,A
What is 37179 divided by 729?,1,28,51,5125,52,banana,house,C
What is 25984 divided by 896?,1,28,29,45,6802,banana,house,C
What is 96658 divided by 62?,1559,4305,76,779901,9057,banana,house,A
What is 86436 divided by 7203?,12,2,24,41,9982,banana,house,A
What is 29148 divided by 7287?,4,5,6,834,banana,house,,A
What is 32437 divided by 1?,11150,28029,32437,3661548,823,banana,house,C
What is 76212 divided by 8468?,205,6,7,9,banana,house,,D
What is 10153 divided by 71?,13760,143,421,8,964,banana,house,B
What is 37630 divided by 71?,121,4,530,748,78083,banana,house,C
What is 17544 divided by 17?,1032,1138,1618,37,716142,banana,house,A
What is 24336 divided by 2?,12168,150,18004,1848073,83286,banana,house,A
What is 32733 divided by 32733?,1,2,4,972,banana,house,,A
What is 79446 divided by 79446?,1,2,442,9,banana,house,,A
What is 27215 divided by 5?,5443,84,8626,9253,983550,banana,house,A
What is 58048 divided by 64?,156,2,392,61635,907,banana,house,E
What is 91494 divided by 46?,1989,3285,484386,6817,96,banana,house,A
What is 95157 divided by 327?,150,291,593,8,86171,banana,house,B
What is 75156 divided by 6?,12526,1860177,279,30830,49661,banana,house,A
What is 43692 divided by 662?,27,4,66,76,8692,banana,house,C
What is 62106 divided by 6?,10351,419,5269492,53170,73187,banana,house,A
What is 36464 divided by 43?,17612,398,501,7,848,banana,house,E
What is 36952 divided by 596?,42,5373,62,86,9,banana,house,C
What is 13200 divided by 33?,1,11906,400,729,957,banana,house,C
What is 46665 divided by 5?,1651,18,2604,554965,9333,banana,house,E
What is 13384 divided by 8?,147167,1673,8057,8522,93,banana,house,B
What is 35112 divided by 836?,11,2790,30,42,5,banana,house,D
What is 38230 divided by 38230?,1,373,6,9,banana,house,,A
What is 42480 divided by 36?,1180,178433,46,6733,9189,banana,house,A
What is 72475 divided by 223?,2,325,40779,876,929,banana,house,B
What is 87672 divided by 281?,2,312,57487,626,754,banana,house,B
What is 82350 divided by 5?,1156397,16470,41588,84337,852,banana,house,B
What is 87576 divided by 328?,2,267,55310,693,768,banana,house,B
What is 68839 divided by 943?,29,73,7338,8,80,banana,house,B
What is 99216 divided by 49608?,2,230,7,9,banana,house,,A
What is 34535 divided by 34535?,1,2,4,975,banana,house,,A
What is 33350 divided by 3335?,10,2941,39,5,91,banana,house,A
What is 63285 divided by 21095?,3,4,6,678,banana,house,,A
What is 80359 divided by 29?,2771,44,6006,6906,860487,banana,house,A
What is 81594 divided by 6?,13599,45133,51921,7473703,897,banana,house,A
What is 23862 divided by 97?,188,246,3,667,68140,banana,house,B
What is 61213 divided by 1?,28220,61213,66266,666,8073434,banana,house,B
What is 83167 divided by 1?,48946,49231,83167,8917942,986,banana,house,C
What is 74612 divided by 1622?,46,72,73,9,9635,banana,house,A
What is 64208 divided by 64208?,1,337,4,5,banana,house,,A
What is 68530 divided by 89?,54942,665,770,860,9,banana,house,C
What is 87650 divided by 50?,1753,1957,49,698233,9384,banana,house,A
What is 47424 divided by 3648?,13,1480,31,55,6,banana,house,A
What is 87096 divided by 24?,3629,4618,6363,87,882994,banana,house,A
What is 34114 divided by 922?,18,2,34,37,4474,banana,house,D
What is 25142 divided by 967?,18,26,48,6471,9,banana,house,B
What is 13098 divided by 6549?,2,340,5,8,banana,house,,A
What is 71949 divided by 3?,180,23983,26895,63818,8509798,banana,house,B
What is 38088 divided by 23?,1656,33,548236,6953,8403,banana,house,A
What is 28968 divided by 408?,51,7,71,7434,75,banana,house,C
What is 84720 divided by 2?,2725099,42360,44530,510,99941,banana,house,B
What is 10052 divided by 7?,12,1436,2877,608129,9821,banana,house,B
What is 43010 divided by 782?,30,48,55,7623,9,banana,house,C
What is 14076 divided by 6?,216434,2346,51,6917,9690,banana,house,B
What is 92963 divided by 1?,12332,4266217,80493,92963,983,banana,house,D
What is 88739 divided by 7?,12677,25198,402,55445,9026743,banana,house,A
What is 51845 divided by 1?,2018283,51845,576,70676,80409,banana,house,B
What is 52470 divided by 90?,2,207,21582,310,583,banana,house,E
What is 13572 divided by 2262?,1,4,528,6,banana,house,,D
What is 26622 divided by 4437?,6,734,8,9,banana,house,,A
What is 57934 divided by 698?,2006,53,7,83,95,banana,house,D
What is 39342 divided by 6557?,2,3,6,871,banana,house,,C
What is 78668 divided by 284?,1,277,421,808,89665,banana,house,B
What is 59334 divided by 2?,23659,29667,4308012,444,93612,banana,house,B
What is 46791 divided by 5199?,2,4,490,9,banana,house,,D
What is 12312 divided by 38?,10838,126,324,4,959,banana,house,C
What is 67485 divided by 5?,13497,1724680,32347,95088,987,banana,house,A
What is 30817 divided by 30817?,1,6,625,7,banana,house,,A
What is 47942 divided by 2?,23971,302,63205,87641,9536067,banana,house,A
What is 63819 divided by 9117?,5,7,9,946,banana,house,,B
What is 15960 divided by 380?,2,2094,29,42,94,banana,house,D
What is 53302 divided by 1838?,2,28,29,9186,banana,house,,C
What is 86564 divided by 86564?,1,3,7,851,banana,house,,A
What is 29800 divided by 4?,1115,1237,37,7450,794625,banana,house,D
What is 25648 divided by 12824?,2,239,5,6,banana,house,,A
What is 37596 divided by 723?,29,5058,52,9,99,banana,house,C
What is 21309 divided by 3?,1542,616778,6495,7103,85,banana,house,D
What is 34446 divided by 2?,17223,44208,5708628,790,99681,banana,house,A
What is 29997 divided by 99?,107,3,303,506,51818,banana,house,C
What is 36108 divided by 9027?,3,4,710,banana,house,,,B
What is 23552 divided by 8?,155067,2944,33,3688,5088,banana,house,B
What is 52371 divided by 52371?,1,386,4,5,banana,house,,A
What is 95004 divided by 58?,1638,63,700684,9365,9850,banana,house,A
What is 19075 divided by 5?,1453,3815,4521,60,932665,banana,house,B
What is 99358 divided by 7097?,1323,14,4,60,97,banana,house,B
What is 42455 divided by 1?,42455,592,6367147,76613,98336,banana,house,A
What is 70350 divided by 525?,134,182,4,44854,493,banana,house,A
What is 31590 divided by 81?,297,336,390,45409,5,banana,house,C
What is 78252 divided by 12?,21,422902,5114,6521,8777,banana,house,D
What is 29520 divided by 72?,1,410,55457,844,923,banana,house,B
What is 89088 divided by 4?,22272,2642132,47370,56735,914,banana,house,A
What is 28644 divided by 682?,2,2296,25,42,64,banana,house,D
What is 50204 divided by 77?,250,426,652,7,94119,banana,house,C
What is 29869 divided by 7?,3204,4267,4955,522236,91,banana,house,B
What is 91871 divided by 191?,28702,297,481,579,8,banana,house,C
What is 82390 divided by 7490?,10,11,6,6922,86,banana,house,B
What is 10010 divided by 715?,14,4380,46,75,9,banana,house,A
What is 38375 divided by 1?,38375,44863,50600,519,5473286,banana,house,A
What is 72743 divided by 17?,4279,5622,821833,9224,93,banana,house,A
What is 89376 divided by 16?,178039,5586,74,7644,8772,banana,house,B
What is 82317 divided by 69?,1193,89,9210,9459,976168,banana,house,A
What is 94140 divided by 2?,29263,33526,47070,515,6924889,banana,house,C
What is 65013 divided by 1?,32266,6105201,65013,875,89477,banana,house,C
What is 12985 divided by 245?,1,32,4292,53,57,banana,house,D
What is 94381 divided by 7?,13483,2713506,54214,73744,969,banana,house,A
What is 92664 divided by 81?,1144,37,4398,6804,796782,banana,house,A
What is 12978 divided by 618?,1,21,2214,81,93,banana,house,B
What is 17420 divided by 65?,268,415,5,74929,938,banana,house,A
What is 93184 divided by 832?,112,25740,3,928,981,banana,house,A
What is 57960 divided by 280?,207,33799,368,856,9,banana,house,A
What is 99712 divided by 2624?,1,38,5821,81,85,banana,house,B
What is 66573 divided by 569?,117,283,3,697,84055,banana,house,A
What is 46293 divided by 3561?,13,5,81,8784,99,banana,house,A
What is 99848 divided by 8?,12481,25166,30463,581,8170943,banana,house,A
What is 93476 divided by 93476?,1,146,4,6,banana,house,,A
What is 85646 divided by 374?,2,229,327,888,94232,banana,house,B
What is 71354 divided by 71354?,1,4,7,996,banana,house,,A
What is 14336 divided by 1024?,14,2011,5,66,89,banana,house,A
What is 40040 divided by 5005?,217,4,6,8,banana,house,,D
What is 86082 divided by 1?,2501761,315,36235,86082,97107,banana,house,D
What is 78627 divided by 78627?,1,2,5,807,banana,house,,A
What is 69832 divided by 4988?,14,2097,4,58,59,banana,house,A
What is 75630 divided by 2?,10076,339,3689948,37815,72504,banana,house,D
What is 97173 divided by 9?,10797,226,5563027,56550,91966,banana,house,A
What is 36848 divided by 8?,133709,4606,5549,60,9611,banana,house,B
What is 80652 divided by 2444?,33,5,50,6996,72,banana,house,A
What is 93520 divided by 8?,11690,57604,615,61841,8167942,banana,house,A
What is 53912 divided by 13478?,4,8,814,banana,house,,,A
What is 84950 divided by 16990?,1,2,5,929,banana,house,,C
What is 98334 divided by 81?,1214,667255,6945,8283,96,banana,house,A
What is 89052 divided by 2172?,2052,21,3,41,89,banana,house,D
What is 17208 divided by 8?,2151,494685,5810,59,6331,banana,house,A
What is 56664 divided by 787?,4,68,72,84,9354,banana,house,C
What is 84525 divided by 28175?,194,3,5,9,banana,house,,B
What is 34010 divided by 95?,3,358,482,849,87282,banana,house,B
What is 99180 divided by 855?,1,116,385,746,92836,banana,house,B
What is 83346 divided by 6?,13891,1464935,337,48068,53265,banana,house,A
What is 22989 divided by 237?,2,40,46,7856,97,banana,house,E
What is 13438 divided by 6719?,125,2,5,9,banana,house,,B
What is 91260 divided by 60?,1521,1737,27,5279,706667,banana,house,A
What is 65451 divided by 21817?,3,8,9,950,banana,house,,A
What is 61314 divided by 33?,12,124293,1858,3005,3588,banana,house,C
What is 93385 divided by 95?,444,652,9,90522,983,banana,house,E
What is 29350 divided by 587?,25,50,6,7077,82,banana,house,B
What is 75336 divided by 6?,12556,23765,32710,702,9877752,banana,house,A
What is 98642 divided by 62?,13,1591,3320,4503,661774,banana,house,B
What is 28520 divided by 8?,1286,3565,550929,71,7522,banana,house,B
What is 37149 divided by 3?,12383,16585,26876,416,5331468,banana,house,A
What is 48732 divided by 6?,3233,8122,93,962947,9887,banana,house,B
What is 30240 divided by 8?,3780,5813,825106,83,8928,banana,house,A
What is 92908 divided by 46454?,1,2,732,9,banana,house,,B
What is 23844 divided by 7948?,3,4,560,7,banana,house,,A
What is 91217 divided by 157?,525,581,6,63707,770,banana,house,B
What is 31612 divided by 1?,31612,33447,450,86364,9233871,banana,house,A
What is 49124 divided by 4?,12281,35140,454,7291299,87395,banana,house,A
What is 20548 divided by 44?,1,467,498,586,72965,banana,house,B
What is 78402 divided by 78402?,1,7,709,8,banana,house,,A
What is 41845 divided by 41845?,1,2,714,9,banana,house,,A
What is 16296 divided by 291?,5,56,7164,77,85,banana,house,B
What is 56304 divided by 46?,1224,210007,42,8288,8663,banana,house,A
What is 46704 divided by 973?,35,4,48,5956,64,banana,house,C
What is 21710 divided by 835?,14,2,26,3899,88,banana,house,C
What is 27404 divided by 13702?,2,4,5,948,banana,house,,A
